Variant_ID,Sequence,Protein,domain_sequence,Domain,Kd (nM),interface,Num_intf_residues,Polar,Hydrophobic,Charged,contact_pairs,sc,hb,sb,int_solv_en,int_area,iptm_ptm,iptm,mpDockQ/pDockQ,lis_score,average pae score,average lia score,ranked order,helix,coil,helix_coil,encoded_sequence,encode_domain,Transformed Kd (nM),true_values,predictions,index
PROP1_13,LQPLAHLSPAAFSSFLPESTACPYSYAAPPPPVTCFPHPYSHALPSQPSTGGAFALSHQSEDWYPTLHPAPAGHLPCPPP,EP300,GDSRRLSIQRCIQSLVHACQCRNANCSLPSCQKMKRVVQHTKGCKRKTNGGCPICKQLIALCCYHAKHCQENKCPVPFCLNI,TAZ2,20759.67,C_B,16.0,0.313,0.438,0.188,11.0,0.342,9.0,3.0,-11.23,916.78,0.3236626,0.27457282,0.07582826,0.12055236,18.4130459,1705,2,50,32,1.56,"[10, 14, 13, 10, 1, 7, 10, 16, 13, 1, 1, 5, 16, 16, 5, 10, 13, 4, 16, 17, 1, 2, 13, 20, 16, 20, 1, 1, 13, 13, 13, 13, 18, 17, 2, 5, 13, 7, 13, 20, 16, 7, 1, 10, 13, 16, 14, 13, 16, 17]","[6, 3, 16, 15, 15, 10, 16, 8, 14, 15, 2, 8, 14, 16, 10, 18, 7, 1, 2, 14, 2, 15, 12, 1, 12, 2, 16, 10, 13, 16, 2, 14, 9, 11, 9, 15, 18, 18, 14, 7, 17, 9, 6, 2, 9, 15, 9, 17, 12, 6]",0.5749712225772219,0.4982823431491852,0.6412309408187866,111
JMJD4_26,QEEALRDRHGNLPYDVTSPALCDTHLHPRNQLAGPPLEITQEAGEMVFVPSGWHHQVHNLDDTISINHNWVNGFNLANMW,EP300,GDSRRLSIQRCIQSLVHACQCRNANCSLPSCQKMKRVVQHTKGCKRKTNGGCPICKQLIALCCYHAKHCQENKCPVPFCLNI,TAZ2,21389.1,C_B,38.0,0.211,0.447,0.132,40.0,0.283,6.0,3.0,-10.09,1055.61,0.24535485,0.17911018,0.05642277,0.1133995,15.3150454,761,1,50,32,1.56,"[14, 4, 4, 1, 10, 15, 3, 15, 7, 6, 12, 10, 13, 20, 3, 18, 17, 16, 13, 1, 10, 2, 3, 17, 7, 10, 7, 13, 15, 12, 14, 10, 1, 6, 13, 13, 10, 4, 8, 17, 14, 4, 1, 6, 4, 11, 18, 5, 18, 13]","[6, 3, 16, 15, 15, 10, 16, 8, 14, 15, 2, 8, 14, 16, 10, 18, 7, 1, 2, 14, 2, 15, 12, 1, 12, 2, 16, 10, 13, 16, 2, 14, 9, 11, 9, 15, 18, 18, 14, 7, 17, 9, 6, 2, 9, 15, 9, 17, 12, 6]",0.5608339556743462,0.5163903832435608,0.5174813866615295,66
APBB1_22,DSSWATLSQGSPSYGSPEDTDSFWNPNAFETDSDLPAGWMRVQDTSGTYYWHIPTGTTQWEPPGRASPSQGSSPQEESQL,EP300,GDSRRLSIQRCIQSLVHACQCRNANCSLPSCQKMKRVVQHTKGCKRKTNGGCPICKQLIALCCYHAKHCQENKCPVPFCLNI,TAZ2,15400.14,C_B,10.0,0.2,0.4,0.1,8.0,0.388,1.0,7.0,-11.52,937.33,0.28833755,0.23303019,0.08830408,0.12519739,15.8449221,1330,2,50,32,1.56,"[3, 16, 16, 19, 1, 17, 10, 16, 14, 6, 16, 13, 16, 20, 6, 16, 13, 4, 3, 17, 3, 16, 5, 19, 12, 13, 12, 1, 5, 4, 17, 3, 16, 3, 10, 13, 1, 6, 19, 11, 15, 18, 14, 3, 17, 16, 6, 17, 20, 20]","[6, 3, 16, 15, 15, 10, 16, 8, 14, 15, 2, 8, 14, 16, 10, 18, 7, 1, 2, 14, 2, 15, 12, 1, 12, 2, 16, 10, 13, 16, 2, 14, 9, 11, 9, 15, 18, 18, 14, 7, 17, 9, 6, 2, 9, 15, 9, 17, 12, 6]",0.695348557759797,0.6010324954986572,0.5839303731918335,1
MLXIPL_29,SLDDFMDISDFFTNSRLPQPPMPSNFPEPPSFSPVVDSLFSSGTLGPEVPPASSAMTHLSGHSRLQARNSCPGPLDSSAF,EP300,GDSRRLSIQRCIQSLVHACQCRNANCSLPSCQKMKRVVQHTKGCKRKTNGGCPICKQLIALCCYHAKHCQENKCPVPFCLNI,TAZ2,28657.53,C_B,18.0,0.278,0.5,0.222,16.0,0.387,2.0,3.0,-11.37,674.26,0.395905,0.36573875,0.17116666,0.13834555,15.0009909,3490,1,50,32,1.56,"[16, 10, 3, 3, 5, 11, 3, 8, 16, 3, 5, 5, 17, 12, 16, 15, 10, 13, 14, 13, 13, 11, 13, 16, 12, 5, 13, 4, 13, 13, 16, 5, 16, 13, 18, 18, 3, 16, 10, 5, 16, 16, 6, 17, 10, 6, 13, 4, 18, 13]","[6, 3, 16, 15, 15, 10, 16, 8, 14, 15, 2, 8, 14, 16, 10, 18, 7, 1, 2, 14, 2, 15, 12, 1, 12, 2, 16, 10, 13, 16, 2, 14, 9, 11, 9, 15, 18, 18, 14, 7, 17, 9, 6, 2, 9, 15, 9, 17, 12, 6]",0.397581910371664,0.3300672173500061,0.5278391242027283,79
BRD7_44,SDFSIHEFLATCQDYPYVMADSLLDVLTKGGHSRTLQEMEMSLPEDEGHTRTLDTAKEMEITEVEPPGRLDSSTQDRLIA,EP300,GDSRRLSIQRCIQSLVHACQCRNANCSLPSCQKMKRVVQHTKGCKRKTNGGCPICKQLIALCCYHAKHCQENKCPVPFCLNI,TAZ2,19102.43,C_B,24.0,0.208,0.583,0.167,22.0,0.399,5.0,0.0,-23.89,1212.0,0.37955303,0.33441442,0.13581853,0.14085605,14.6009703,3337,1,50,32,1.56,"[16, 3, 5, 16, 8, 7, 4, 5, 10, 1, 17, 2, 14, 3, 20, 13, 20, 18, 11, 1, 3, 16, 10, 10, 3, 18, 10, 17, 9, 6, 6, 7, 16, 15, 17, 10, 14, 4, 11, 4, 11, 16, 10, 13, 4, 3, 4, 6, 7, 17]","[6, 3, 16, 15, 15, 10, 16, 8, 14, 15, 2, 8, 14, 16, 10, 18, 7, 1, 2, 14, 2, 15, 12, 1, 12, 2, 16, 10, 13, 16, 2, 14, 9, 11, 9, 15, 18, 18, 14, 7, 17, 9, 6, 2, 9, 15, 9, 17, 12, 6]",0.6121935415040625,0.6562361717224121,0.3837917745113373,10
FOXO3_58,TLSDSLSGSSLYSTSANLPVMGHEKFPSDLDLDMFNGSLECDMESIIRSELMDADGLDFNFDSLISTQNVVGLNVGNFTG,EP300,GDSRRLSIQRCIQSLVHACQCRNANCSLPSCQKMKRVVQHTKGCKRKTNGGCPICKQLIALCCYHAKHCQENKCPVPFCLNI,TAZ2,11445.96,C_B,30.0,0.333,0.333,0.267,34.0,0.375,12.0,0.0,-29.5,1390.42,0.38355147,0.3496231,0.10885094,0.11760317,16.6677818,2131,2,50,32,1.56,"[17, 10, 16, 3, 16, 10, 16, 6, 16, 16, 10, 20, 16, 17, 16, 1, 12, 10, 13, 18, 11, 6, 7, 4, 9, 5, 13, 16, 3, 10, 3, 10, 3, 11, 5, 12, 6, 16, 10, 4, 2, 3, 11, 4, 16, 8, 8, 15, 16, 4]","[6, 3, 16, 15, 15, 10, 16, 8, 14, 15, 2, 8, 14, 16, 10, 18, 7, 1, 2, 14, 2, 15, 12, 1, 12, 2, 16, 10, 13, 16, 2, 14, 9, 11, 9, 15, 18, 18, 14, 7, 17, 9, 6, 2, 9, 15, 9, 17, 12, 6]",0.7841611311071306,0.9423995614051819,0.5961284637451172,44
SP9_15,AHPYESWYKSGFHSTLAAGEVTNGAASSWWDVHSSPGSWLEVQNPAGGLQSSLHSGAPQASLHSQLGTYNPDFSSLTHSA,EP300,GDSRRLSIQRCIQSLVHACQCRNANCSLPSCQKMKRVVQHTKGCKRKTNGGCPICKQLIALCCYHAKHCQENKCPVPFCLNI,TAZ2,46358.97,C_B,6.0,0.333,0.667,0.0,4.0,0.197,6.0,0.0,-18.27,977.37,0.24661081,0.18042362,0.07944148,0.10858027,15.3890486,1888,1,50,32,1.56,"[1, 7, 13, 20, 4, 16, 19, 20, 9, 16, 6, 5, 7, 16, 17, 10, 1, 1, 6, 4, 18, 17, 12, 6, 1, 1, 16, 16, 19, 19, 3, 18, 7, 16, 16, 13, 6, 16, 19, 10, 4, 18, 14, 12, 13, 1, 6, 6, 10, 14]","[6, 3, 16, 15, 15, 10, 16, 8, 14, 15, 2, 8, 14, 16, 10, 18, 7, 1, 2, 14, 2, 15, 12, 1, 12, 2, 16, 10, 13, 16, 2, 14, 9, 11, 9, 15, 18, 18, 14, 7, 17, 9, 6, 2, 9, 15, 9, 17, 12, 6]",0.0,0.6998889446258545,0.814044177532196,125
JADE1_13,IRTLADSVCRYDLNDMDAAWLELTNEEFKEMGMPELDEYTMERVLEEFEQRCYDNMNHAIETEEGLGIEYDEDVVCDVCQ,EP300,GDSRRLSIQRCIQSLVHACQCRNANCSLPSCQKMKRVVQHTKGCKRKTNGGCPICKQLIALCCYHAKHCQENKCPVPFCLNI,TAZ2,1836.22,C_B,24.0,0.167,0.5,0.25,23.0,0.194,4.0,4.0,-22.69,1149.54,0.34933738,0.305936,0.06191836,0.12538947,14.1657381,2488,1,50,32,1.56,"[8, 15, 17, 10, 1, 3, 16, 18, 2, 15, 20, 3, 10, 12, 3, 11, 3, 1, 1, 19, 10, 4, 10, 17, 12, 4, 4, 5, 9, 4, 11, 6, 11, 13, 4, 10, 3, 4, 20, 17, 11, 4, 15, 18, 10, 4, 4, 5, 4, 14]","[6, 3, 16, 15, 15, 10, 16, 8, 14, 15, 2, 8, 14, 16, 10, 18, 7, 1, 2, 14, 2, 15, 12, 1, 12, 2, 16, 10, 13, 16, 2, 14, 9, 11, 9, 15, 18, 18, 14, 7, 17, 9, 6, 2, 9, 15, 9, 17, 12, 6]",1.0,0.39758190512657166,0.5353212952613831,63
KAT6B_197,LMPAPAYNVNSVNMNMNTLNAMNGYSMSQPMMNSGYHSNHGYMNQTPQYPMQMQMGMMGTQPYAQQPMQTPPHGNMMYTA,EP300,GDSRRLSIQRCIQSLVHACQCRNANCSLPSCQKMKRVVQHTKGCKRKTNGGCPICKQLIALCCYHAKHCQENKCPVPFCLNI,TAZ2,30818.49,C_B,18.0,0.389,0.389,0.111,19.0,0.187,2.0,0.0,-13.33,711.05,0.20516419,0.1343528,0.07202669,0.11763333,18.691927,704,1,50,32,1.56,"[10, 11, 13, 1, 13, 1, 20, 12, 18, 12, 16, 18, 12, 11, 12, 11, 12, 17, 10, 12, 1, 11, 12, 6, 20, 16, 11, 16, 14, 13, 11, 11, 12, 16, 6, 20, 7, 16, 12, 7, 6, 20, 11, 12, 14, 17, 13, 14, 20, 13]","[6, 3, 16, 15, 15, 10, 16, 8, 14, 15, 2, 8, 14, 16, 10, 18, 7, 1, 2, 14, 2, 15, 12, 1, 12, 2, 16, 10, 13, 16, 2, 14, 9, 11, 9, 15, 18, 18, 14, 7, 17, 9, 6, 2, 9, 15, 9, 17, 12, 6]",0.34904582488727676,0.26985910534858704,0.38953810930252075,67
SOX11_36,MFDLSLNFSQSAHSASEQQLGGGAAAGNLSLSLVDKDLDSFSEGSLGSHFEFPDYCTPELSEMIAGDWLEANFSDLVFTY,EP300,GDSRRLSIQRCIQSLVHACQCRNANCSLPSCQKMKRVVQHTKGCKRKTNGGCPICKQLIALCCYHAKHCQENKCPVPFCLNI,TAZ2,4059.96,C_B,11.0,0.273,0.545,0.182,9.0,0.378,4.0,1.0,-20.25,957.31,0.29510466,0.23981355,0.07438624,0.11212622,18.2442913,572,1,50,32,1.56,"[11, 5, 3, 10, 16, 10, 12, 5, 16, 14, 16, 1, 7, 16, 1, 16, 4, 14, 14, 10, 6, 6, 6, 1, 1, 1, 6, 12, 10, 16, 10, 16, 10, 18, 3, 9, 3, 10, 3, 16, 5, 16, 4, 6, 16, 10, 6, 16, 7, 5]","[6, 3, 16, 15, 15, 10, 16, 8, 14, 15, 2, 8, 14, 16, 10, 18, 7, 1, 2, 14, 2, 15, 12, 1, 12, 2, 16, 10, 13, 16, 2, 14, 9, 11, 9, 15, 18, 18, 14, 7, 17, 9, 6, 2, 9, 15, 9, 17, 12, 6]",0.9500538488750133,0.33681005239486694,0.42613518238067627,122
ZNF687_0,GDMKTPDFDDLLAAFDIPDIDANEAIHSGPEENEGPGGPGKPEPGVGSESEDTAAASAGDGPGVPAQASDHGLPPPDISV,EP300,GDSRRLSIQRCIQSLVHACQCRNANCSLPSCQKMKRVVQHTKGCKRKTNGGCPICKQLIALCCYHAKHCQENKCPVPFCLNI,TAZ2,46358.97,C_B,19.0,0.263,0.474,0.211,16.0,0.436,5.0,0.0,-14.73,864.69,0.38009085,0.34749907,0.10110742,0.27144722,9.3111372,796,1,50,32,1.56,"[6, 3, 11, 9, 17, 13, 3, 5, 3, 3, 10, 10, 1, 1, 5, 3, 8, 13, 3, 8, 3, 1, 12, 4, 1, 8, 7, 16, 6, 13, 4, 4, 12, 4, 6, 13, 6, 6, 13, 6, 9, 13, 4, 13, 6, 18, 6, 16, 4, 16]","[6, 3, 16, 15, 15, 10, 16, 8, 14, 15, 2, 8, 14, 16, 10, 18, 7, 1, 2, 14, 2, 15, 12, 1, 12, 2, 16, 10, 13, 16, 2, 14, 9, 11, 9, 15, 18, 18, 14, 7, 17, 9, 6, 2, 9, 15, 9, 17, 12, 6]",0.0,0.5375007390975952,0.7303855419158936,146
LMX1A_30,IEQSVYSSDPFRQGLTPPQMPGDHMHPYGAEPLFHDLDSDDTSLSNLGDCFLATSEAGPLQSRVGNPIDHLYSMQNSYFT,EP300,GDSRRLSIQRCIQSLVHACQCRNANCSLPSCQKMKRVVQHTKGCKRKTNGGCPICKQLIALCCYHAKHCQENKCPVPFCLNI,TAZ2,13699.3,C_B,18.0,0.111,0.611,0.167,21.0,0.396,4.0,3.0,-14.82,812.87,0.36760464,0.33334804,0.13471766,0.11907092,18.3446865,1720,1,50,32,1.56,"[8, 4, 14, 16, 18, 20, 16, 16, 3, 13, 5, 15, 14, 6, 10, 17, 13, 13, 14, 11, 13, 6, 3, 7, 11, 7, 13, 20, 6, 1, 4, 13, 10, 5, 7, 3, 10, 3, 16, 3, 3, 17, 16, 10, 16, 12, 10, 6, 3, 2]","[6, 3, 16, 15, 15, 10, 16, 8, 14, 15, 2, 8, 14, 16, 10, 18, 7, 1, 2, 14, 2, 15, 12, 1, 12, 2, 16, 10, 13, 16, 2, 14, 9, 11, 9, 15, 18, 18, 14, 7, 17, 9, 6, 2, 9, 15, 9, 17, 12, 6]",0.7335501513271305,0.6134578585624695,0.5702141523361206,74
NFE2L3_33,TARTSQSQEPFLQLNSHTTNPEQTLPGTNLTGFLSPVDNHMRNLTSQDLLYDLDINIFDEINLMSLATEDNFDPIDVSQL,EP300,GDSRRLSIQRCIQSLVHACQCRNANCSLPSCQKMKRVVQHTKGCKRKTNGGCPICKQLIALCCYHAKHCQENKCPVPFCLNI,TAZ2,11638.57,C_B,29.0,0.241,0.586,0.138,24.0,0.403,3.0,2.0,-23.87,1356.2,0.46681468,0.44651055,0.11636845,0.12457487,18.5654583,1877,2,50,32,1.56,"[17, 1, 15, 17, 16, 14, 16, 14, 4, 13, 5, 10, 14, 10, 12, 16, 7, 17, 17, 12, 13, 4, 14, 17, 10, 13, 6, 17, 12, 10, 17, 6, 5, 10, 16, 13, 18, 3, 12, 7, 11, 15, 12, 10, 17, 16, 14, 3, 10, 10]","[6, 3, 16, 15, 15, 10, 16, 8, 14, 15, 2, 8, 14, 16, 10, 18, 7, 1, 2, 14, 2, 15, 12, 1, 12, 2, 16, 10, 13, 16, 2, 14, 9, 11, 9, 15, 18, 18, 14, 7, 17, 9, 6, 2, 9, 15, 9, 17, 12, 6]",0.779835028159761,0.7841611504554749,0.8509383201599121,98
SOX2_15,GVNQRMDSYAHMNGWSNGSYSMMQDQLGYPQHPGLNAHGAAQMQPMHRYDVSALQYNSMTSSQTYMNGSPTYSMSYSQQG,EP300,GDSRRLSIQRCIQSLVHACQCRNANCSLPSCQKMKRVVQHTKGCKRKTNGGCPICKQLIALCCYHAKHCQENKCPVPFCLNI,TAZ2,46358.97,C_B,29.0,0.276,0.448,0.172,43.0,0.167,4.0,0.0,-11.41,847.88,0.23009632,0.16429588,0.13308543,0.11978772,17.5718269,1924,2,50,32,1.56,"[6, 18, 12, 14, 15, 11, 3, 16, 20, 1, 7, 11, 12, 6, 19, 16, 12, 6, 16, 20, 16, 11, 11, 14, 3, 14, 10, 6, 20, 13, 14, 7, 13, 6, 10, 12, 1, 7, 6, 1, 1, 14, 11, 14, 13, 11, 7, 15, 20, 3]","[6, 3, 16, 15, 15, 10, 16, 8, 14, 15, 2, 8, 14, 16, 10, 18, 7, 1, 2, 14, 2, 15, 12, 1, 12, 2, 16, 10, 13, 16, 2, 14, 9, 11, 9, 15, 18, 18, 14, 7, 17, 9, 6, 2, 9, 15, 9, 17, 12, 6]",0.0,0.5448450446128845,0.6572328209877014,123
PARP3_25,EELSSHFYTVIPHNFGHSQPPPINSPELLQAKKDMLLVLADIELAQALQAVSEQEKTVEEVPHPLDRDYQLLKCQLQLLD,EP300,GDSRRLSIQRCIQSLVHACQCRNANCSLPSCQKMKRVVQHTKGCKRKTNGGCPICKQLIALCCYHAKHCQENKCPVPFCLNI,TAZ2,36244.32,C_B,37.0,0.243,0.459,0.189,34.0,0.263,5.0,4.0,-15.86,1393.56,0.358143,0.3229972,0.09497739,0.11129979,14.7421837,666,3,50,32,1.56,"[4, 4, 10, 16, 16, 7, 5, 20, 17, 18, 8, 13, 7, 12, 5, 6, 7, 16, 14, 13, 13, 13, 8, 12, 16, 13, 4, 10, 10, 14, 1, 9, 9, 3, 11, 10, 10, 18, 10, 1, 3, 8, 4, 10, 1, 14, 1, 10, 14, 1]","[6, 3, 16, 15, 15, 10, 16, 8, 14, 15, 2, 8, 14, 16, 10, 18, 7, 1, 2, 14, 2, 15, 12, 1, 12, 2, 16, 10, 13, 16, 2, 14, 9, 11, 9, 15, 18, 18, 14, 7, 17, 9, 6, 2, 9, 15, 9, 17, 12, 6]",0.22717936335918154,0.674194872379303,0.594541609287262,104
HLF_4,KDKDKEKKLDDESNSPTVPQSAFLGPTLWDKTLPYDGDTFQLEYMDLEEFLSENGIPPSPSQHDHSPHPPGLQPASSAAP,EP300,GDSRRLSIQRCIQSLVHACQCRNANCSLPSCQKMKRVVQHTKGCKRKTNGGCPICKQLIALCCYHAKHCQENKCPVPFCLNI,TAZ2,29371.51,C_B,31.0,0.29,0.355,0.194,37.0,0.296,3.0,2.0,-20.73,1083.51,0.31074617,0.26161826,0.12525401,0.11874519,18.0382023,1275,2,50,32,1.56,"[9, 3, 9, 3, 9, 4, 9, 9, 10, 3, 3, 4, 16, 12, 16, 13, 17, 18, 13, 14, 16, 1, 5, 10, 6, 13, 17, 10, 19, 3, 9, 17, 10, 13, 20, 3, 6, 3, 17, 5, 14, 10, 4, 20, 11, 3, 10, 4, 4, 5]","[6, 3, 16, 15, 15, 10, 16, 8, 14, 15, 2, 8, 14, 16, 10, 18, 7, 1, 2, 14, 2, 15, 12, 1, 12, 2, 16, 10, 13, 16, 2, 14, 9, 11, 9, 15, 18, 18, 14, 7, 17, 9, 6, 2, 9, 15, 9, 17, 12, 6]",0.3815456143207686,0.9442563652992249,0.7995606064796448,54
MYBL2_39,ISPSTEVGGSGIGTPPSVLKRQRKRRVALSPVTENSTSLSFLDSCNSLTPKSTPVKTLPFSPSQFLNFWNKQDTLELESP,EP300,GDSRRLSIQRCIQSLVHACQCRNANCSLPSCQKMKRVVQHTKGCKRKTNGGCPICKQLIALCCYHAKHCQENKCPVPFCLNI,TAZ2,14399.59,C_B,29.0,0.241,0.345,0.276,31.0,0.358,3.0,1.0,-18.29,958.76,0.39936118,0.36389494,0.13791883,0.12660786,17.1016064,3375,1,50,32,1.56,"[8, 16, 13, 16, 17, 4, 18, 6, 6, 16, 6, 8, 6, 17, 13, 13, 16, 18, 10, 9, 15, 14, 15, 9, 15, 15, 18, 1, 10, 16, 13, 18, 17, 4, 12, 16, 17, 16, 10, 16, 5, 10, 3, 16, 2, 12, 16, 10, 17, 13]","[6, 3, 16, 15, 15, 10, 16, 8, 14, 15, 2, 8, 14, 16, 10, 18, 7, 1, 2, 14, 2, 15, 12, 1, 12, 2, 16, 10, 13, 16, 2, 14, 9, 11, 9, 15, 18, 18, 14, 7, 17, 9, 6, 2, 9, 15, 9, 17, 12, 6]",0.717821338529179,0.6121935248374939,0.48313647508621216,86
ERG_16,NIDGKELCKMTKDDFQRLTPSYNADILLSHLHYLRETPLPHLTSDDVDKALQNSPRLMHARNTGGAAFIFPNTSVYPEAT,EP300,GDSRRLSIQRCIQSLVHACQCRNANCSLPSCQKMKRVVQHTKGCKRKTNGGCPICKQLIALCCYHAKHCQENKCPVPFCLNI,TAZ2,34141.83,C_B,37.0,0.189,0.568,0.189,35.0,0.338,6.0,0.0,-22.31,1535.91,0.32225455,0.27452397,0.09340824,0.10778926,15.053627,2805,2,50,32,1.56,"[12, 8, 3, 6, 9, 4, 10, 2, 9, 11, 17, 9, 3, 3, 5, 14, 15, 10, 17, 13, 16, 20, 12, 1, 3, 8, 10, 10, 16, 7, 10, 7, 20, 10, 15, 4, 17, 13, 10, 13, 7, 10, 17, 16, 3, 3, 18, 3, 9, 1]","[6, 3, 16, 15, 15, 10, 16, 8, 14, 15, 2, 8, 14, 16, 10, 18, 7, 1, 2, 14, 2, 15, 12, 1, 12, 2, 16, 10, 13, 16, 2, 14, 9, 11, 9, 15, 18, 18, 14, 7, 17, 9, 6, 2, 9, 15, 9, 17, 12, 6]",0.27440218764564184,0.7178213596343994,0.5664671659469604,33
CAMTA2_50,SLSSFPDLMGELISDEAPSIPAPTPQLSPALSTITDFSPEWSYPEGGVKVLITGPWTEAAEHYSCVFDHIAVPASLVQPG,EP300,GDSRRLSIQRCIQSLVHACQCRNANCSLPSCQKMKRVVQHTKGCKRKTNGGCPICKQLIALCCYHAKHCQENKCPVPFCLNI,TAZ2,30382.17,C_B,29.0,0.241,0.379,0.207,27.0,0.238,8.0,1.0,-12.17,827.85,0.26623261,0.20898114,0.08057627,0.11968426,15.6245403,945,1,50,32,1.56,"[16, 10, 16, 16, 5, 13, 3, 10, 11, 6, 4, 10, 8, 16, 3, 4, 1, 13, 16, 8, 13, 1, 13, 17, 13, 14, 10, 16, 13, 1, 10, 16, 17, 8, 17, 3, 5, 16, 13, 4, 19, 16, 20, 13, 4, 6, 6, 18, 9, 18]","[6, 3, 16, 15, 15, 10, 16, 8, 14, 15, 2, 8, 14, 16, 10, 18, 7, 1, 2, 14, 2, 15, 12, 1, 12, 2, 16, 10, 13, 16, 2, 14, 9, 11, 9, 15, 18, 18, 14, 7, 17, 9, 6, 2, 9, 15, 9, 17, 12, 6]",0.3588457586290156,0.7335501313209534,0.5874752998352051,13
ERBB2_96,IDSECRPRFRELVSEFSRMARDPQRFVVIQNEDLGPASPLDSTFYRSLLEDDDMGDLVDAEEYLVPQQGFFCPDPAPGAG,EP300,GDSRRLSIQRCIQSLVHACQCRNANCSLPSCQKMKRVVQHTKGCKRKTNGGCPICKQLIALCCYHAKHCQENKCPVPFCLNI,TAZ2,23367.85,C_B,43.0,0.186,0.488,0.302,38.0,0.23,6.0,8.0,-28.9,1764.37,0.36702713,0.3180927,0.12128219,0.12002129,13.8441381,3743,1,50,32,1.56,"[8, 3, 16, 4, 2, 15, 13, 15, 5, 15, 4, 10, 18, 16, 4, 5, 16, 15, 11, 1, 15, 3, 13, 14, 15, 5, 18, 18, 8, 14, 12, 4, 3, 10, 6, 13, 1, 16, 13, 10, 3, 16, 17, 5, 20, 15, 16, 10, 10, 4]","[6, 3, 16, 15, 15, 10, 16, 8, 14, 15, 2, 8, 14, 16, 10, 18, 7, 1, 2, 14, 2, 15, 12, 1, 12, 2, 16, 10, 13, 16, 2, 14, 9, 11, 9, 15, 18, 18, 14, 7, 17, 9, 6, 2, 9, 15, 9, 17, 12, 6]",0.5163903846909726,0.42701810598373413,0.5225969552993774,31
Random_control_778,RTTIFPTRKGLHAYKAARLADAPGSHTPVKFFDDNKKGSTQTNDSDDTKHIHAPNIRPVTTKRVSHDLTAYSISIGNRAR,EP300,GDSRRLSIQRCIQSLVHACQCRNANCSLPSCQKMKRVVQHTKGCKRKTNGGCPICKQLIALCCYHAKHCQENKCPVPFCLNI,TAZ2,18366.25,C_B,23.0,0.174,0.435,0.217,17.0,0.195,8.0,0.0,-14.49,1295.66,0.36047612,0.31565595,0.08039677,0.11570049,18.5150414,2035,1,50,32,1.56,"[15, 17, 17, 8, 5, 13, 17, 15, 9, 6, 10, 7, 1, 20, 9, 1, 1, 15, 10, 1, 3, 1, 13, 6, 16, 7, 17, 13, 18, 9, 5, 5, 3, 3, 12, 9, 9, 6, 16, 17, 14, 17, 12, 3, 16, 3, 3, 17, 9, 7]","[6, 3, 16, 15, 15, 10, 16, 8, 14, 15, 2, 8, 14, 16, 10, 18, 7, 1, 2, 14, 2, 15, 12, 1, 12, 2, 16, 10, 13, 16, 2, 14, 9, 11, 9, 15, 18, 18, 14, 7, 17, 9, 6, 2, 9, 15, 9, 17, 12, 6]",0.628728459046218,0.950053870677948,0.7520924806594849,113
POU2AF1_7,GSVSAVTEEAALCAGWLSQPTPATLQPLAPWTPYTEYVPHEAVSCPYSADMYVQPVCPSYTVVGPSSVLTYASPPLITNV,EP300,GDSRRLSIQRCIQSLVHACQCRNANCSLPSCQKMKRVVQHTKGCKRKTNGGCPICKQLIALCCYHAKHCQENKCPVPFCLNI,TAZ2,24174.07,C_B,36.0,0.25,0.444,0.139,31.0,0.253,7.0,3.0,-24.91,1564.31,0.25485664,0.18724954,0.06241833,0.11139133,16.4232502,1747,1,50,32,1.56,"[6, 16, 18, 16, 1, 18, 17, 4, 4, 1, 1, 10, 2, 1, 6, 19, 10, 16, 14, 13, 17, 13, 1, 17, 10, 14, 13, 10, 1, 13, 19, 17, 13, 20, 17, 4, 20, 18, 13, 7, 4, 1, 18, 16, 2, 13, 20, 16, 1, 3]","[6, 3, 16, 15, 15, 10, 16, 8, 14, 15, 2, 8, 14, 16, 10, 18, 7, 1, 2, 14, 2, 15, 12, 1, 12, 2, 16, 10, 13, 16, 2, 14, 9, 11, 9, 15, 18, 18, 14, 7, 17, 9, 6, 2, 9, 15, 9, 17, 12, 6]",0.49828233880431916,0.0,0.24513554573059082,105
GRHL1_0,TQEYDNKRPVLVLQNEALYPQRRSYTSEDEAWKSFLENPLTAATKAMMSINGDEDSAAALGLLYDYYKVPRERRSSTAKP,EP300,GDSRRLSIQRCIQSLVHACQCRNANCSLPSCQKMKRVVQHTKGCKRKTNGGCPICKQLIALCCYHAKHCQENKCPVPFCLNI,TAZ2,34344.1,C_B,42.0,0.286,0.524,0.167,37.0,0.419,3.0,5.0,-26.88,1393.39,0.68929609,0.7106434,0.33065863,0.15829639,14.7491474,4545,1,50,32,1.56,"[17, 14, 4, 20, 3, 12, 9, 15, 13, 18, 10, 18, 10, 14, 12, 4, 1, 10, 20, 13, 14, 15, 15, 16, 20, 17, 16, 4, 3, 4, 1, 19, 9, 16, 5, 10, 4, 12, 13, 10, 17, 1, 1, 17, 9, 1, 11, 11, 16, 8]","[6, 3, 16, 15, 15, 10, 16, 8, 14, 15, 2, 8, 14, 16, 10, 18, 7, 1, 2, 14, 2, 15, 12, 1, 12, 2, 16, 10, 13, 16, 2, 14, 9, 11, 9, 15, 18, 18, 14, 7, 17, 9, 6, 2, 9, 15, 9, 17, 12, 6]",0.26985911696829157,0.7338088750839233,0.3849422037601471,50
ATF4_8,TDWMLEKMDLKEFDLDALLGIDDLETMPDDLLTTLDDTCDLFAPLVQETNKQPPQTVNPIGHLPESLTKPDQVAPFTFLQ,EP300,GDSRRLSIQRCIQSLVHACQCRNANCSLPSCQKMKRVVQHTKGCKRKTNGGCPICKQLIALCCYHAKHCQENKCPVPFCLNI,TAZ2,2973.13,C_B,23.0,0.13,0.652,0.087,19.0,0.458,3.0,1.0,-23.91,1221.05,0.35931799,0.31360838,0.09307746,0.1225534,16.2598209,2970,1,50,32,1.56,"[17, 3, 19, 11, 10, 4, 9, 11, 3, 10, 9, 4, 5, 3, 10, 3, 1, 10, 10, 6, 8, 3, 3, 10, 4, 17, 11, 13, 3, 3, 10, 10, 17, 17, 10, 3, 3, 17, 2, 3, 10, 5, 1, 13, 10, 18, 14, 4, 17, 12]","[6, 3, 16, 15, 15, 10, 16, 8, 14, 15, 2, 8, 14, 16, 10, 18, 7, 1, 2, 14, 2, 15, 12, 1, 12, 2, 16, 10, 13, 16, 2, 14, 9, 11, 9, 15, 18, 18, 14, 7, 17, 9, 6, 2, 9, 15, 9, 17, 12, 6]",0.9744645153320494,0.5623922348022461,0.754797101020813,4
GMEB2_18,LSGARVSLSSPTSAEYIPLTPAAADVNGSPATITIETCEDPGDWTAAIGDDTFTFWRGLKDAGLLDEVIQEFHQELVETM,EP300,GDSRRLSIQRCIQSLVHACQCRNANCSLPSCQKMKRVVQHTKGCKRKTNGGCPICKQLIALCCYHAKHCQENKCPVPFCLNI,TAZ2,9119.96,C_B,47.0,0.319,0.447,0.17,60.0,0.244,9.0,1.0,-23.96,1542.06,0.29847273,0.24486455,0.12583258,0.11724591,15.5541763,1506,1,50,32,1.56,"[10, 16, 6, 1, 15, 18, 16, 10, 16, 16, 13, 17, 16, 1, 4, 20, 8, 13, 10, 17, 13, 1, 1, 1, 3, 18, 12, 6, 16, 13, 1, 17, 8, 17, 8, 4, 17, 2, 4, 3, 13, 6, 3, 19, 17, 1, 1, 8, 6, 3]","[6, 3, 16, 15, 15, 10, 16, 8, 14, 15, 2, 8, 14, 16, 10, 18, 7, 1, 2, 14, 2, 15, 12, 1, 12, 2, 16, 10, 13, 16, 2, 14, 9, 11, 9, 15, 18, 18, 14, 7, 17, 9, 6, 2, 9, 15, 9, 17, 12, 6]",0.8364040855517685,0.008745641447603703,0.43587273359298706,49
Random_control_810,SYACSDPPLMRASTFHQTVGKGKDPSRGEKLYTSDTKCESGAKPHVMCAVNIDRLVVPLYQSDRVQHAPQQAHWGCPQRS,EP300,GDSRRLSIQRCIQSLVHACQCRNANCSLPSCQKMKRVVQHTKGCKRKTNGGCPICKQLIALCCYHAKHCQENKCPVPFCLNI,TAZ2,22100.97,C_B,49.0,0.306,0.429,0.184,87.0,0.186,13.0,7.0,-18.89,1376.26,0.43673651,0.41509485,0.09975023,0.12323827,16.5705795,3128,1,50,32,1.56,"[16, 20, 1, 2, 16, 3, 13, 13, 10, 11, 15, 1, 16, 17, 5, 7, 14, 17, 18, 6, 9, 6, 9, 3, 13, 16, 15, 6, 4, 9, 10, 20, 17, 16, 3, 17, 9, 2, 4, 16, 6, 1, 9, 13, 7, 18, 11, 2, 1, 18]","[6, 3, 16, 15, 15, 10, 16, 8, 14, 15, 2, 8, 14, 16, 10, 18, 7, 1, 2, 14, 2, 15, 12, 1, 12, 2, 16, 10, 13, 16, 2, 14, 9, 11, 9, 15, 18, 18, 14, 7, 17, 9, 6, 2, 9, 15, 9, 17, 12, 6]",0.5448450511255482,0.7378989458084106,0.5441923141479492,114
LAS1L_64,SSEDVRWDTFPLGRMPGQTEDPAELMLENYDTMYLLDQPVLEQRLEPSTCKTDTLGLSCGVGSGNCSNSSSSNFEGLLWS,EP300,GDSRRLSIQRCIQSLVHACQCRNANCSLPSCQKMKRVVQHTKGCKRKTNGGCPICKQLIALCCYHAKHCQENKCPVPFCLNI,TAZ2,16823.62,C_B,39.0,0.231,0.359,0.282,47.0,0.22,5.0,0.0,-20.11,1411.25,0.26163226,0.19917555,0.07990976,0.1136131,16.4264278,1327,1,50,32,1.56,"[16, 16, 4, 3, 18, 15, 19, 3, 17, 5, 13, 10, 6, 15, 11, 13, 6, 14, 17, 4, 3, 13, 1, 4, 10, 11, 10, 4, 12, 20, 3, 17, 11, 20, 10, 10, 3, 14, 13, 18, 10, 4, 14, 15, 10, 4, 13, 16, 17, 2]","[6, 3, 16, 15, 15, 10, 16, 8, 14, 15, 2, 8, 14, 16, 10, 18, 7, 1, 2, 14, 2, 15, 12, 1, 12, 2, 16, 10, 13, 16, 2, 14, 9, 11, 9, 15, 18, 18, 14, 7, 17, 9, 6, 2, 9, 15, 9, 17, 12, 6]",0.6633765883733598,0.8319256901741028,0.6483762264251709,73
TAF6L_37,KMKAQAAEPNRGGPGGRGCRRLDDLPWDSLLFQESSSGGGAEPSFGSGLPLPPGGAGPEDPSLSVTLADIYRELYAFFGD,EP300,GDSRRLSIQRCIQSLVHACQCRNANCSLPSCQKMKRVVQHTKGCKRKTNGGCPICKQLIALCCYHAKHCQENKCPVPFCLNI,TAZ2,8041.86,C_B,24.0,0.167,0.583,0.167,18.0,0.185,3.0,2.0,-18.91,957.57,0.62213849,0.637465,0.15897863,0.10929796,17.6242352,1022,1,50,32,1.56,"[9, 11, 9, 1, 14, 1, 1, 4, 13, 12, 15, 6, 6, 13, 6, 6, 15, 6, 2, 15, 15, 10, 3, 3, 10, 13, 19, 3, 16, 10, 10, 5, 14, 4, 16, 16, 16, 6, 6, 6, 1, 4, 13, 16, 5, 6, 16, 6, 10, 13]","[6, 3, 16, 15, 15, 10, 16, 8, 14, 15, 2, 8, 14, 16, 10, 18, 7, 1, 2, 14, 2, 15, 12, 1, 12, 2, 16, 10, 13, 16, 2, 14, 9, 11, 9, 15, 18, 18, 14, 7, 17, 9, 6, 2, 9, 15, 9, 17, 12, 6]",0.8606186724764306,0.4726915955543518,0.6259608864784241,131
TRAFD1_23,EGGEESANLDFMLALSLQNEGQASSVAEQDFWRAVCEADQSHGGPRSLSDIKGAADEIMLPCEFCEELYPEELLIDHQTS,EP300,GDSRRLSIQRCIQSLVHACQCRNANCSLPSCQKMKRVVQHTKGCKRKTNGGCPICKQLIALCCYHAKHCQENKCPVPFCLNI,TAZ2,9319.35,C_B,27.0,0.259,0.519,0.185,25.0,0.243,2.0,4.0,-18.3,1146.73,0.4513094,0.42687553,0.10255415,0.10695133,15.2436228,1222,1,50,32,1.56,"[4, 6, 6, 4, 4, 16, 1, 12, 10, 3, 5, 11, 10, 1, 10, 16, 10, 14, 12, 4, 6, 14, 1, 16, 16, 18, 1, 4, 14, 3, 5, 19, 15, 1, 18, 2, 4, 1, 3, 14, 16, 7, 6, 6, 13, 15, 16, 10, 16, 3]","[6, 3, 16, 15, 15, 10, 16, 8, 14, 15, 2, 8, 14, 16, 10, 18, 7, 1, 2, 14, 2, 15, 12, 1, 12, 2, 16, 10, 13, 16, 2, 14, 9, 11, 9, 15, 18, 18, 14, 7, 17, 9, 6, 2, 9, 15, 9, 17, 12, 6]",0.8319257009057167,0.6566681265830994,0.5756469368934631,139
MGA_282,TLTSLLNEIAFLNQQLNDDSVGLAELPSSMDTEFPGDARRAFISKVPPGSRATFQVEHLGTGLKELPDVQGESDSISPLL,EP300,GDSRRLSIQRCIQSLVHACQCRNANCSLPSCQKMKRVVQHTKGCKRKTNGGCPICKQLIALCCYHAKHCQENKCPVPFCLNI,TAZ2,32452.04,C_B,26.0,0.231,0.577,0.115,23.0,0.505,3.0,1.0,-16.08,1081.99,0.62600437,0.6440019,0.17913289,0.12162595,16.6050243,1521,1,50,32,1.56,"[17, 10, 17, 16, 10, 10, 12, 4, 8, 1, 5, 10, 12, 14, 14, 10, 12, 3, 3, 16, 18, 6, 10, 1, 4, 10, 13, 16, 16, 11, 3, 17, 4, 5, 13, 6, 3, 1, 15, 15, 1, 5, 8, 16, 9, 18, 13, 13, 6, 16]","[6, 3, 16, 15, 15, 10, 16, 8, 14, 15, 2, 8, 14, 16, 10, 18, 7, 1, 2, 14, 2, 15, 12, 1, 12, 2, 16, 10, 13, 16, 2, 14, 9, 11, 9, 15, 18, 18, 14, 7, 17, 9, 6, 2, 9, 15, 9, 17, 12, 6]",0.3123555934887221,0.5333399176597595,0.4822220206260681,77
MYB_28,RHYNDEDPEKEKRIKELELLLMSTENELKGQQVLPTQNHTCSYPGWHSTTIADHTRPHGDSAPVSCLGEHHSTPSLPADP,EP300,GDSRRLSIQRCIQSLVHACQCRNANCSLPSCQKMKRVVQHTKGCKRKTNGGCPICKQLIALCCYHAKHCQENKCPVPFCLNI,TAZ2,21679.0,C_B,27.0,0.222,0.407,0.37,20.0,0.237,4.0,10.0,-11.94,1085.46,0.42299524,0.3949437,0.1437263,0.12801489,16.8404808,2650,1,50,32,1.56,"[15, 7, 20, 12, 3, 4, 3, 13, 4, 9, 4, 9, 15, 8, 9, 4, 10, 4, 10, 10, 10, 11, 16, 17, 4, 12, 4, 10, 9, 6, 14, 14, 18, 10, 13, 17, 14, 12, 7, 17, 2, 16, 20, 13, 6, 19, 7, 16, 17, 17]","[6, 3, 16, 15, 15, 10, 16, 8, 14, 15, 2, 8, 14, 16, 10, 18, 7, 1, 2, 14, 2, 15, 12, 1, 12, 2, 16, 10, 13, 16, 2, 14, 9, 11, 9, 15, 18, 18, 14, 7, 17, 9, 6, 2, 9, 15, 9, 17, 12, 6]",0.5543226777321706,0.0,0.60322505235672,82
PPARGC1B_8,ELFQIDSENEALLAELTKTLDDIPEDDVGLAAFPALDGGDALSCTSASPAPSSAPPSPAPEKPSAPAPEVDELSLLQKLL,EP300,GDSRRLSIQRCIQSLVHACQCRNANCSLPSCQKMKRVVQHTKGCKRKTNGGCPICKQLIALCCYHAKHCQENKCPVPFCLNI,TAZ2,46358.97,C_B,43.0,0.256,0.488,0.14,38.0,0.372,2.0,1.0,-25.63,1330.1,0.60540254,0.6149117,0.17955294,0.10917685,14.56635,535,1,50,32,1.56,"[4, 10, 5, 14, 8, 3, 16, 4, 12, 4, 1, 10, 10, 1, 4, 10, 17, 9, 17, 10, 3, 3, 8, 13, 4, 3, 3, 18, 6, 10, 1, 1, 5, 13, 1, 10, 3, 6, 6, 3, 1, 10, 16, 2, 17, 16, 1, 16, 13, 1]","[6, 3, 16, 15, 15, 10, 16, 8, 14, 15, 2, 8, 14, 16, 10, 18, 7, 1, 2, 14, 2, 15, 12, 1, 12, 2, 16, 10, 13, 16, 2, 14, 9, 11, 9, 15, 18, 18, 14, 7, 17, 9, 6, 2, 9, 15, 9, 17, 12, 6]",0.0,0.6633765697479248,0.7337880730628967,106
HLF_7,KTLPYDGDTFQLEYMDLEEFLSENGIPPSPSQHDHSPHPPGLQPASSAAPSVMDLSSRASAPLHPGIPSPNCMQSPIRPG,EP300,GDSRRLSIQRCIQSLVHACQCRNANCSLPSCQKMKRVVQHTKGCKRKTNGGCPICKQLIALCCYHAKHCQENKCPVPFCLNI,TAZ2,22447.11,C_B,15.0,0.2,0.467,0.267,13.0,0.178,5.0,4.0,-13.96,862.3,0.33125819,0.28608757,0.08598606,0.12289356,18.4952011,1661,1,50,32,1.56,"[9, 17, 10, 13, 20, 3, 6, 3, 17, 5, 14, 10, 4, 20, 11, 3, 10, 4, 4, 5, 10, 16, 4, 12, 6, 8, 13, 13, 16, 13, 16, 14, 7, 3, 7, 16, 13, 7, 13, 13, 6, 10, 14, 13, 1, 16, 16, 1, 1, 13]","[6, 3, 16, 15, 15, 10, 16, 8, 14, 15, 2, 8, 14, 16, 10, 18, 7, 1, 2, 14, 2, 15, 12, 1, 12, 2, 16, 10, 13, 16, 2, 14, 9, 11, 9, 15, 18, 18, 14, 7, 17, 9, 6, 2, 9, 15, 9, 17, 12, 6]",0.537070598738847,0.7114823460578918,0.7413257956504822,55
ZNF200_6,PSQKVKETLVIMKDVSSSLQNRVHPRPLVKLLPKGVQKEQETVSLYLKANPEELVVFEDLNVFHCQEECVSLDPTQQLTS,EP300,GDSRRLSIQRCIQSLVHACQCRNANCSLPSCQKMKRVVQHTKGCKRKTNGGCPICKQLIALCCYHAKHCQENKCPVPFCLNI,TAZ2,46358.97,C_B,26.0,0.115,0.615,0.192,24.0,0.287,7.0,0.0,-15.85,968.19,0.3044425,0.24319388,0.07309959,0.15677119,15.9245825,4244,2,50,32,1.56,"[13, 16, 14, 9, 18, 9, 4, 17, 10, 18, 8, 11, 9, 3, 18, 16, 16, 16, 10, 14, 12, 15, 18, 7, 13, 15, 13, 10, 18, 9, 10, 10, 13, 9, 6, 18, 14, 9, 4, 14, 4, 17, 18, 16, 10, 20, 10, 9, 1, 12]","[6, 3, 16, 15, 15, 10, 16, 8, 14, 15, 2, 8, 14, 16, 10, 18, 7, 1, 2, 14, 2, 15, 12, 1, 12, 2, 16, 10, 13, 16, 2, 14, 9, 11, 9, 15, 18, 18, 14, 7, 17, 9, 6, 2, 9, 15, 9, 17, 12, 6]",0.0,0.5424326062202454,0.6091397404670715,144
EXOSC10_24,IHQQRTQQVEQDMFAHPYQYELNHFTPADAVLQKPQPQLYRPIEETPCHFISSLDELVELNEKLLNCQEFAVDLEHHSYR,EP300,GDSRRLSIQRCIQSLVHACQCRNANCSLPSCQKMKRVVQHTKGCKRKTNGGCPICKQLIALCCYHAKHCQENKCPVPFCLNI,TAZ2,17955.47,C_B,45.0,0.222,0.378,0.244,52.0,0.123,6.0,4.0,-17.73,1519.16,0.26870254,0.20478863,0.08793076,0.118408,15.5119209,961,1,50,32,1.56,"[8, 7, 14, 14, 15, 17, 14, 14, 18, 4, 14, 3, 11, 5, 1, 7, 13, 20, 14, 20, 4, 10, 12, 7, 5, 17, 13, 1, 3, 1, 18, 10, 14, 9, 13, 14, 13, 14, 10, 20, 15, 13, 8, 4, 4, 17, 13, 2, 7, 5]","[6, 3, 16, 15, 15, 10, 16, 8, 14, 15, 2, 8, 14, 16, 10, 18, 7, 1, 2, 14, 2, 15, 12, 1, 12, 2, 16, 10, 13, 16, 2, 14, 9, 11, 9, 15, 18, 18, 14, 7, 17, 9, 6, 2, 9, 15, 9, 17, 12, 6]",0.6379547534687322,0.08372686058282852,0.22065691649913788,35
CDX4_5,HYMGYPHMPSMDPHWPSLGVWGSPYSPPREDWSVYPGPSSTMGTVPVNDVTSSPAAFCSTDYSNLGPVGGGTSGSSLPGQ,EP300,GDSRRLSIQRCIQSLVHACQCRNANCSLPSCQKMKRVVQHTKGCKRKTNGGCPICKQLIALCCYHAKHCQENKCPVPFCLNI,TAZ2,22208.38,C_B,31.0,0.226,0.452,0.161,29.0,0.362,6.0,0.0,-13.17,1085.53,0.27751028,0.21497858,0.07758307,0.12151789,16.3276386,1640,2,50,32,1.56,"[7, 20, 11, 6, 20, 13, 7, 11, 13, 16, 11, 3, 13, 7, 19, 13, 16, 10, 6, 18, 19, 6, 16, 13, 20, 16, 13, 13, 15, 4, 3, 19, 16, 18, 20, 13, 6, 13, 16, 16, 17, 11, 6, 17, 18, 13, 18, 12, 3, 18]","[6, 3, 16, 15, 15, 10, 16, 8, 14, 15, 2, 8, 14, 16, 10, 18, 7, 1, 2, 14, 2, 15, 12, 1, 12, 2, 16, 10, 13, 16, 2, 14, 9, 11, 9, 15, 18, 18, 14, 7, 17, 9, 6, 2, 9, 15, 9, 17, 12, 6]",0.5424325766040956,0.7567697167396545,0.6090087294578552,14
EYA4_23,PGQTPYSYQMPGSSFAPSSTIYANNSVSNSTNFSGSQQDYPSYTAFGQNQYAQYYSASTYGAYMTSNNTADGTPSSTSTY,EP300,GDSRRLSIQRCIQSLVHACQCRNANCSLPSCQKMKRVVQHTKGCKRKTNGGCPICKQLIALCCYHAKHCQENKCPVPFCLNI,TAZ2,31663.47,C_B,34.0,0.5,0.265,0.118,37.0,0.177,11.0,6.0,-14.89,1398.89,0.25798477,0.19280784,0.06184487,0.11852532,15.9825678,1107,1,50,32,1.56,"[13, 6, 14, 17, 13, 20, 16, 20, 14, 11, 13, 6, 16, 16, 5, 1, 13, 16, 16, 17, 8, 20, 1, 12, 12, 16, 18, 16, 12, 16, 17, 12, 5, 16, 6, 16, 14, 14, 3, 20, 13, 16, 20, 17, 1, 5, 6, 14, 12, 14]","[6, 3, 16, 15, 15, 10, 16, 8, 14, 15, 2, 8, 14, 16, 10, 18, 7, 1, 2, 14, 2, 15, 12, 1, 12, 2, 16, 10, 13, 16, 2, 14, 9, 11, 9, 15, 18, 18, 14, 7, 17, 9, 6, 2, 9, 15, 9, 17, 12, 6]",0.3300672128293962,0.24981430172920227,0.4659321904182434,38
ATF6B_0,AELMLLSEIADPTRFFTDNLLSPEDWGLQNSTLYSGLDEVAEEQTQLFRCPEQDVPFDGSSLDVGMDVSPSEPPWELLPI,EP300,GDSRRLSIQRCIQSLVHACQCRNANCSLPSCQKMKRVVQHTKGCKRKTNGGCPICKQLIALCCYHAKHCQENKCPVPFCLNI,TAZ2,13507.72,C_B,40.0,0.2,0.475,0.225,47.0,0.18,6.0,0.0,-20.74,1307.73,0.25902623,0.19578874,0.07833134,0.12146824,17.9191265,2684,1,50,32,1.56,"[1, 4, 10, 11, 10, 10, 16, 4, 8, 1, 3, 13, 17, 15, 5, 5, 17, 3, 12, 10, 10, 16, 13, 4, 3, 19, 6, 10, 14, 12, 16, 17, 10, 20, 16, 6, 10, 3, 4, 18, 1, 4, 4, 14, 17, 14, 10, 5, 15, 2]","[6, 3, 16, 15, 15, 10, 16, 8, 14, 15, 2, 8, 14, 16, 10, 18, 7, 1, 2, 14, 2, 15, 12, 1, 12, 2, 16, 10, 13, 16, 2, 14, 9, 11, 9, 15, 18, 18, 14, 7, 17, 9, 6, 2, 9, 15, 9, 17, 12, 6]",0.7378531200341398,0.7337158918380737,0.5921970009803772,7
JAK2_80,IIRDLNSLFTPDYELLTENDMLPNMRIGALGFSGAFEDRDPTQFEERHLKFLQQLGKGNFGSVEMCRYDPLQDNTGEVVA,EP300,GDSRRLSIQRCIQSLVHACQCRNANCSLPSCQKMKRVVQHTKGCKRKTNGGCPICKQLIALCCYHAKHCQENKCPVPFCLNI,TAZ2,25578.35,C_B,52.0,0.308,0.442,0.135,74.0,0.186,10.0,7.0,-22.58,1697.74,0.27100995,0.21518286,0.09431753,0.096029,15.5717726,1263,1,50,32,1.56,"[8, 8, 15, 3, 10, 12, 16, 10, 5, 17, 13, 3, 20, 4, 10, 10, 17, 4, 12, 3, 11, 10, 13, 12, 11, 15, 8, 6, 1, 10, 6, 5, 16, 6, 1, 5, 4, 3, 15, 3, 13, 17, 14, 5, 4, 4, 15, 7, 10, 9]","[6, 3, 16, 15, 15, 10, 16, 8, 14, 15, 2, 8, 14, 16, 10, 18, 7, 1, 2, 14, 2, 15, 12, 1, 12, 2, 16, 10, 13, 16, 2, 14, 9, 11, 9, 15, 18, 18, 14, 7, 17, 9, 6, 2, 9, 15, 9, 17, 12, 6]",0.4667416096265393,0.2271793633699417,0.5348455309867859,65
ZMYM3_95,DLCDLVSNQSAEGLLEDCDLFGPARDDVLAMAVKMANVLDEPGQDLEADFPKNPLDINPSVDFLFDCGLVGPEDVSTEQD,EP300,GDSRRLSIQRCIQSLVHACQCRNANCSLPSCQKMKRVVQHTKGCKRKTNGGCPICKQLIALCCYHAKHCQENKCPVPFCLNI,TAZ2,6768.6,C_B,46.0,0.196,0.522,0.196,42.0,0.438,6.0,2.0,-31.84,1849.3,0.68010651,0.70030725,0.18842343,0.12541509,14.678051,2309,1,50,32,1.56,"[3, 10, 2, 3, 10, 18, 16, 12, 14, 16, 1, 4, 6, 10, 10, 4, 3, 2, 3, 10, 5, 6, 13, 1, 15, 3, 3, 18, 10, 1, 11, 1, 18, 9, 11, 1, 12, 18, 10, 3, 4, 13, 6, 14, 3, 10, 4, 1, 3, 5]","[6, 3, 16, 15, 15, 10, 16, 8, 14, 15, 2, 8, 14, 16, 10, 18, 7, 1, 2, 14, 2, 15, 12, 1, 12, 2, 16, 10, 13, 16, 2, 14, 9, 11, 9, 15, 18, 18, 14, 7, 17, 9, 6, 2, 9, 15, 9, 17, 12, 6]",0.8892166364386747,0.5481628775596619,0.3508373498916626,143
CHD1L_51,DLQLSEILKFGLDKLLASEGSTMDEIDLESILGETKDGQWVSDALPAAEGGSRDQEEGKNHMYLFEGKDYSKEPSKEDRK,EP300,GDSRRLSIQRCIQSLVHACQCRNANCSLPSCQKMKRVVQHTKGCKRKTNGGCPICKQLIALCCYHAKHCQENKCPVPFCLNI,TAZ2,19644.61,C_B,24.0,0.208,0.583,0.083,20.0,0.411,3.0,1.0,-19.87,1011.04,0.4505676,0.42916346,0.11658156,0.1224841,16.3915749,3369,1,50,32,1.56,"[3, 10, 14, 10, 16, 4, 8, 10, 9, 5, 6, 10, 3, 9, 10, 10, 1, 16, 4, 6, 16, 17, 11, 3, 4, 8, 3, 10, 4, 16, 8, 10, 6, 4, 17, 9, 3, 6, 14, 19, 18, 16, 3, 1, 10, 13, 1, 1, 4, 6]","[6, 3, 16, 15, 15, 10, 16, 8, 14, 15, 2, 8, 14, 16, 10, 18, 7, 1, 2, 14, 2, 15, 12, 1, 12, 2, 16, 10, 13, 16, 2, 14, 9, 11, 9, 15, 18, 18, 14, 7, 17, 9, 6, 2, 9, 15, 9, 17, 12, 6]",0.6000159469035493,0.732597827911377,0.8656111359596252,15
TET2_161,SNPMNPYPGLLNQNTQYPSYQCNGNLSVDNCSPYLGSYSPQSQPMDLYRYPSQDPLSKLSLPPIHTLYQPRFGNSQSFTS,EP300,GDSRRLSIQRCIQSLVHACQCRNANCSLPSCQKMKRVVQHTKGCKRKTNGGCPICKQLIALCCYHAKHCQENKCPVPFCLNI,TAZ2,45969.59,C_B,19.0,0.211,0.474,0.211,16.0,0.3,3.0,2.0,-18.09,957.59,0.30020432,0.24549462,0.1028473,0.11995611,19.0311165,960,1,50,32,1.56,"[16, 12, 13, 11, 12, 13, 20, 13, 6, 10, 10, 12, 14, 12, 17, 14, 20, 13, 16, 20, 14, 2, 12, 6, 12, 10, 16, 18, 3, 12, 2, 16, 13, 20, 10, 6, 16, 20, 16, 13, 14, 16, 14, 13, 11, 3, 10, 20, 15, 20]","[6, 3, 16, 15, 15, 10, 16, 8, 14, 15, 2, 8, 14, 16, 10, 18, 7, 1, 2, 14, 2, 15, 12, 1, 12, 2, 16, 10, 13, 16, 2, 14, 9, 11, 9, 15, 18, 18, 14, 7, 17, 9, 6, 2, 9, 15, 9, 17, 12, 6]",0.008745641273281701,0.3123556077480316,0.5110254287719727,133
INO80D_60,DDIANEITDIPHDLELNQEDFSDVLPRLPDDLQDFDFFEGKNGDLLPTTEEAEELERALQAVTSLECLSTIGVLAQSDGV,EP300,GDSRRLSIQRCIQSLVHACQCRNANCSLPSCQKMKRVVQHTKGCKRKTNGGCPICKQLIALCCYHAKHCQENKCPVPFCLNI,TAZ2,5330.38,C_B,52.0,0.173,0.481,0.231,61.0,0.28,10.0,9.0,-31.23,2081.46,0.35297363,0.3090949,0.09583148,0.1114591,14.0428123,2263,1,50,32,1.56,"[3, 3, 8, 1, 12, 4, 8, 17, 3, 8, 13, 7, 3, 10, 4, 10, 12, 14, 4, 3, 5, 16, 3, 18, 10, 13, 15, 10, 13, 3, 3, 10, 14, 3, 5, 3, 5, 5, 4, 6, 9, 12, 6, 3, 10, 10, 13, 17, 17, 4]","[6, 3, 16, 15, 15, 10, 16, 8, 14, 15, 2, 8, 14, 16, 10, 18, 7, 1, 2, 14, 2, 15, 12, 1, 12, 2, 16, 10, 13, 16, 2, 14, 9, 11, 9, 15, 18, 18, 14, 7, 17, 9, 6, 2, 9, 15, 9, 17, 12, 6]",0.9215196725269665,0.8892166614532471,0.4090636670589447,61
ERBB3_29,PHNFVVDQTSCVRACPPDKMEVDKNGLKMCEPCGGLCPKACEGTGSGSRFQTVDSSNIDGFVNCTKILGNLDFLITGLNG,EP300,GDSRRLSIQRCIQSLVHACQCRNANCSLPSCQKMKRVVQHTKGCKRKTNGGCPICKQLIALCCYHAKHCQENKCPVPFCLNI,TAZ2,46358.97,C_B,17.0,0.294,0.471,0.176,15.0,0.299,1.0,1.0,-9.81,615.03,0.31674553,0.2650593,0.07832778,0.12846064,13.9464445,1683,1,50,32,1.56,"[13, 7, 12, 5, 18, 18, 3, 14, 17, 16, 2, 18, 15, 1, 2, 13, 13, 3, 9, 11, 4, 18, 3, 9, 12, 6, 10, 9, 11, 2, 4, 13, 2, 6, 6, 10, 2, 13, 9, 1, 2, 4, 6, 17, 6, 16, 6, 16, 15, 5]","[6, 3, 16, 15, 15, 10, 16, 8, 14, 15, 2, 8, 14, 16, 10, 18, 7, 1, 2, 14, 2, 15, 12, 1, 12, 2, 16, 10, 13, 16, 2, 14, 9, 11, 9, 15, 18, 18, 14, 7, 17, 9, 6, 2, 9, 15, 9, 17, 12, 6]",0.0,0.6139888167381287,0.4899977147579193,32
FOXI1_3,YENFFHPQGVPSPQRPSFEGGGEYGATPNPYLWFNGPTMTPPPYLPGPNASPFLPQAYGVQRPLLPSVSGLGGSDLGWLP,EP300,GDSRRLSIQRCIQSLVHACQCRNANCSLPSCQKMKRVVQHTKGCKRKTNGGCPICKQLIALCCYHAKHCQENKCPVPFCLNI,TAZ2,17784.97,C_B,17.0,0.176,0.471,0.176,15.0,0.422,2.0,0.0,-9.19,602.71,0.23346362,0.17210507,0.08457796,0.11943367,20.5692997,842,2,50,32,1.56,"[20, 4, 12, 5, 5, 7, 13, 14, 6, 18, 13, 16, 13, 14, 15, 13, 16, 5, 4, 6, 6, 6, 4, 20, 6, 1, 17, 13, 12, 13, 20, 10, 19, 5, 12, 6, 13, 17, 11, 17, 13, 13, 13, 20, 10, 13, 6, 13, 12, 1]","[6, 3, 16, 15, 15, 10, 16, 8, 14, 15, 2, 8, 14, 16, 10, 18, 7, 1, 2, 14, 2, 15, 12, 1, 12, 2, 16, 10, 13, 16, 2, 14, 9, 11, 9, 15, 18, 18, 14, 7, 17, 9, 6, 2, 9, 15, 9, 17, 12, 6]",0.6417842563633198,0.6469791531562805,0.3726990818977356,40
SMARCC1_62,REWTEQETLLLLEALEMYKDDWNKVSEHVGSRTQDECILHFLRLPIEDPYLENSDASLGPLAYQPVPFSQSGNPVMSTVA,EP300,GDSRRLSIQRCIQSLVHACQCRNANCSLPSCQKMKRVVQHTKGCKRKTNGGCPICKQLIALCCYHAKHCQENKCPVPFCLNI,TAZ2,19599.35,C_B,13.0,0.154,0.538,0.231,9.0,0.535,3.0,1.0,-8.2,950.08,0.71708069,0.7272576,0.16866657,0.19540697,11.1747017,7606,2,50,32,1.56,"[15, 4, 19, 17, 4, 14, 4, 17, 10, 10, 10, 10, 4, 1, 10, 4, 11, 20, 9, 3, 3, 19, 12, 9, 18, 16, 4, 7, 18, 6, 16, 15, 17, 14, 3, 4, 2, 8, 10, 7, 5, 10, 15, 10, 13, 8, 4, 3, 13, 20]","[6, 3, 16, 15, 15, 10, 16, 8, 14, 15, 2, 8, 14, 16, 10, 18, 7, 1, 2, 14, 2, 15, 12, 1, 12, 2, 16, 10, 13, 16, 2, 14, 9, 11, 9, 15, 18, 18, 14, 7, 17, 9, 6, 2, 9, 15, 9, 17, 12, 6]",0.601032505853749,0.0,0.5536020398139954,120
RELA_47,SEFQQLLNQGIPVAPHTTEPMLMEYPEAITRLVTGAQRPPDPAPAPLGAPGLPNGLLSGDEDFSSIADMDFSALLSQISS,EP300,GDSRRLSIQRCIQSLVHACQCRNANCSLPSCQKMKRVVQHTKGCKRKTNGGCPICKQLIALCCYHAKHCQENKCPVPFCLNI,TAZ2,19046.14,C_B,27.0,0.185,0.444,0.296,32.0,0.3,3.0,0.0,-11.76,859.22,0.41725944,0.39164096,0.15032015,0.11881437,15.7473898,2842,1,50,32,1.56,"[16, 4, 5, 14, 14, 10, 10, 12, 14, 6, 8, 13, 18, 1, 13, 7, 17, 17, 4, 13, 11, 10, 11, 4, 20, 13, 4, 1, 8, 17, 15, 10, 18, 17, 6, 1, 14, 15, 13, 13, 3, 13, 1, 13, 1, 13, 10, 6, 1, 13]","[6, 3, 16, 15, 15, 10, 16, 8, 14, 15, 2, 8, 14, 16, 10, 18, 7, 1, 2, 14, 2, 15, 12, 1, 12, 2, 16, 10, 13, 16, 2, 14, 9, 11, 9, 15, 18, 18, 14, 7, 17, 9, 6, 2, 9, 15, 9, 17, 12, 6]",0.6134578389699648,0.4297555685043335,0.40231379866600037,115
SETD1A_0,MDQEGGGDGQKAPSFQWRNYKLIVDPALDPALRRPSQKVYRYDGVHFSVNDSKYIPVEDLQDPRCHVRSKNRDFSLPVPK,EP300,GDSRRLSIQRCIQSLVHACQCRNANCSLPSCQKMKRVVQHTKGCKRKTNGGCPICKQLIALCCYHAKHCQENKCPVPFCLNI,TAZ2,25313.44,C_B,11.0,0.091,0.636,0.182,10.0,0.302,1.0,0.0,-10.26,543.88,0.33658395,0.3002648,0.07869009,0.1206033,16.7280693,1336,1,50,32,1.56,"[11, 3, 14, 4, 6, 6, 6, 3, 6, 14, 9, 1, 13, 16, 5, 14, 19, 15, 12, 20, 9, 10, 8, 18, 3, 13, 1, 10, 3, 13, 1, 10, 15, 15, 13, 16, 14, 9, 18, 20, 15, 20, 3, 6, 18, 7, 5, 16, 18, 12]","[6, 3, 16, 15, 15, 10, 16, 8, 14, 15, 2, 8, 14, 16, 10, 18, 7, 1, 2, 14, 2, 15, 12, 1, 12, 2, 16, 10, 13, 16, 2, 14, 9, 11, 9, 15, 18, 18, 14, 7, 17, 9, 6, 2, 9, 15, 9, 17, 12, 6]",0.4726916014846343,0.7378531098365784,0.6602519750595093,117
NPAS4_70,NMFLEETPVEDIFMDLSTPDPSEEWGSGDPEAEGPGGAPSPCNNLSPEDHSFLEDLATYETAFETGVSAFPYDGFTDELH,EP300,GDSRRLSIQRCIQSLVHACQCRNANCSLPSCQKMKRVVQHTKGCKRKTNGGCPICKQLIALCCYHAKHCQENKCPVPFCLNI,TAZ2,10666.77,C_B,36.0,0.222,0.389,0.333,58.0,0.189,11.0,3.0,-17.39,1303.02,0.44391554,0.41382647,0.15733355,0.11744689,15.0776787,2625,1,50,32,1.56,"[12, 11, 5, 10, 4, 4, 17, 13, 18, 4, 3, 8, 5, 11, 3, 10, 16, 17, 13, 3, 13, 16, 4, 4, 19, 6, 16, 6, 3, 13, 4, 1, 4, 6, 13, 6, 6, 1, 13, 16, 13, 2, 12, 12, 10, 16, 13, 4, 3, 7]","[6, 3, 16, 15, 15, 10, 16, 8, 14, 15, 2, 8, 14, 16, 10, 18, 7, 1, 2, 14, 2, 15, 12, 1, 12, 2, 16, 10, 13, 16, 2, 14, 9, 11, 9, 15, 18, 18, 14, 7, 17, 9, 6, 2, 9, 15, 9, 17, 12, 6]",0.8016620716375336,0.3588457703590393,0.15935376286506653,100
MYOD1_0,ELLSPPLRDVDLTAPDGSLCSFATTDDFYDDPCFDSPDLRFFEDLDPRLMHVGALLKPEEHSHFPAAVHPAPGAREDEHV,EP300,GDSRRLSIQRCIQSLVHACQCRNANCSLPSCQKMKRVVQHTKGCKRKTNGGCPICKQLIALCCYHAKHCQENKCPVPFCLNI,TAZ2,5041.03,C_B,39.0,0.179,0.487,0.231,36.0,0.22,4.0,2.0,-16.95,1231.52,0.28860675,0.23403868,0.07673627,0.13830873,14.3511515,4270,1,50,32,1.56,"[4, 10, 10, 16, 13, 13, 10, 15, 3, 18, 3, 10, 17, 1, 13, 3, 6, 16, 10, 2, 16, 5, 1, 17, 17, 3, 3, 5, 20, 3, 3, 13, 2, 5, 3, 16, 13, 3, 10, 15, 5, 5, 4, 3, 10, 3, 13, 15, 10, 11]","[6, 3, 16, 15, 15, 10, 16, 8, 14, 15, 2, 8, 14, 16, 10, 18, 7, 1, 2, 14, 2, 15, 12, 1, 12, 2, 16, 10, 13, 16, 2, 14, 9, 11, 9, 15, 18, 18, 14, 7, 17, 9, 6, 2, 9, 15, 9, 17, 12, 6]",0.9280185972339984,0.8016620874404907,0.6299253106117249,89
KLF15_7,SQDSILDFLLSQATLGSGGGSGSSIGASSGPVAWGPWRRAAAPVKGEHFCLPEFPLGDPDDVPRPFQPTLEEIEEFLEEN,EP300,GDSRRLSIQRCIQSLVHACQCRNANCSLPSCQKMKRVVQHTKGCKRKTNGGCPICKQLIALCCYHAKHCQENKCPVPFCLNI,TAZ2,14681.82,C_B,20.0,0.25,0.45,0.2,18.0,0.274,0.0,3.0,-20.66,1095.45,0.4997092,0.49451733,0.15639761,0.12134247,17.7191753,2567,2,50,32,1.56,"[16, 14, 3, 16, 8, 10, 3, 5, 10, 10, 16, 14, 1, 17, 10, 6, 16, 6, 6, 6, 16, 6, 16, 16, 8, 6, 1, 16, 16, 6, 13, 18, 1, 19, 6, 13, 19, 15, 15, 1, 1, 1, 13, 18, 9, 6, 4, 7, 5, 2]","[6, 3, 16, 15, 15, 10, 16, 8, 14, 15, 2, 8, 14, 16, 10, 18, 7, 1, 2, 14, 2, 15, 12, 1, 12, 2, 16, 10, 13, 16, 2, 14, 9, 11, 9, 15, 18, 18, 14, 7, 17, 9, 6, 2, 9, 15, 9, 17, 12, 6]",0.7114823320661909,0.6939921975135803,0.5794880986213684,68
TET2_167,LPPIHTLYQPRFGNSQSFTSKYLGYGNQNMQGDGFSSCTIRPNVHHVGKLPPYPTHEMDGHFMGATSRLPPNLSNPNMDY,EP300,GDSRRLSIQRCIQSLVHACQCRNANCSLPSCQKMKRVVQHTKGCKRKTNGGCPICKQLIALCCYHAKHCQENKCPVPFCLNI,TAZ2,17553.68,C_B,11.0,0.364,0.545,0.0,9.0,0.235,0.0,1.0,-14.76,689.11,0.28311784,0.22966665,0.08006883,0.13311944,16.2159653,2500,1,50,32,1.56,"[10, 13, 13, 8, 7, 17, 10, 20, 14, 13, 15, 5, 6, 12, 16, 14, 16, 5, 17, 16, 9, 20, 10, 6, 20, 6, 12, 14, 12, 11, 14, 6, 3, 6, 5, 16, 16, 2, 17, 8, 15, 13, 12, 18, 7, 7, 18, 6, 9, 10]","[6, 3, 16, 15, 15, 10, 16, 8, 14, 15, 2, 8, 14, 16, 10, 18, 7, 1, 2, 14, 2, 15, 12, 1, 12, 2, 16, 10, 13, 16, 2, 14, 9, 11, 9, 15, 18, 18, 14, 7, 17, 9, 6, 2, 9, 15, 9, 17, 12, 6]",0.6469791286477138,0.5628014802932739,0.5242763757705688,134
TRERF1_31,LQLQQRQGSMQIPQYYQPQPMMQHLQEQQQQQMHLQPPSYHRDPHQYTPEQAHTVQLIPLGSMSQYYYQEPQQPYSHPLY,EP300,GDSRRLSIQRCIQSLVHACQCRNANCSLPSCQKMKRVVQHTKGCKRKTNGGCPICKQLIALCCYHAKHCQENKCPVPFCLNI,TAZ2,25508.02,C_B,13.0,0.308,0.385,0.154,9.0,0.266,5.0,0.0,-15.89,1034.42,0.29292293,0.2353813,0.04010997,0.15279746,12.9537392,4349,2,50,32,1.56,"[10, 14, 10, 14, 14, 15, 14, 6, 16, 11, 14, 8, 13, 14, 20, 20, 14, 13, 14, 13, 11, 11, 14, 7, 10, 14, 4, 14, 14, 14, 14, 14, 11, 7, 10, 14, 13, 13, 16, 20, 7, 15, 3, 13, 7, 14, 20, 17, 13, 4]","[6, 3, 16, 15, 15, 10, 16, 8, 14, 15, 2, 8, 14, 16, 10, 18, 7, 1, 2, 14, 2, 15, 12, 1, 12, 2, 16, 10, 13, 16, 2, 14, 9, 11, 9, 15, 18, 18, 14, 7, 17, 9, 6, 2, 9, 15, 9, 17, 12, 6]",0.46832125149502224,0.6417842507362366,0.385117769241333,140
ARGFX_14,AKQRNQILPSKKNVPTSPRTSPSPYAFSPVISDFYSSLPSQPLDPSNWAWNSTFTESSTSDFQMQDTQWERLVASVPALY,EP300,GDSRRLSIQRCIQSLVHACQCRNANCSLPSCQKMKRVVQHTKGCKRKTNGGCPICKQLIALCCYHAKHCQENKCPVPFCLNI,TAZ2,46358.97,C_B,28.0,0.179,0.607,0.143,24.0,0.415,2.0,2.0,-13.39,894.41,0.61929937,0.6349177,0.09909322,0.14078858,16.3248959,2690,1,50,32,1.56,"[1, 9, 14, 15, 12, 14, 8, 10, 13, 16, 9, 9, 12, 18, 13, 17, 16, 13, 15, 17, 16, 13, 16, 13, 20, 1, 5, 16, 13, 18, 8, 16, 3, 5, 20, 16, 16, 10, 13, 16, 14, 13, 10, 3, 13, 16, 12, 19, 1, 19]","[6, 3, 16, 15, 15, 10, 16, 8, 14, 15, 2, 8, 14, 16, 10, 18, 7, 1, 2, 14, 2, 15, 12, 1, 12, 2, 16, 10, 13, 16, 2, 14, 9, 11, 9, 15, 18, 18, 14, 7, 17, 9, 6, 2, 9, 15, 9, 17, 12, 6]",0.0,0.5749711990356445,0.5766704082489014,2
BRD4_45,EMRFAKMPDEPEEPVVAVSSPAVPPPTKVVAPPSSSDSSSDSSSDSDSSTDDSEEERAQRLAELQEQLKAVHEQLAALSQ,EP300,GDSRRLSIQRCIQSLVHACQCRNANCSLPSCQKMKRVVQHTKGCKRKTNGGCPICKQLIALCCYHAKHCQENKCPVPFCLNI,TAZ2,6562.56,C_B,18.0,0.333,0.5,0.167,14.0,0.322,5.0,1.0,-9.81,987.67,0.56273202,0.5577589,0.17421463,0.15293231,14.8478899,4516,2,50,32,1.56,"[4, 11, 15, 5, 1, 9, 11, 13, 3, 4, 13, 4, 4, 13, 18, 18, 1, 18, 16, 16, 13, 1, 18, 13, 13, 13, 17, 9, 18, 18, 1, 13, 13, 16, 16, 16, 3, 16, 16, 16, 3, 16, 16, 16, 3, 16, 3, 16, 16, 17]","[6, 3, 16, 15, 15, 10, 16, 8, 14, 15, 2, 8, 14, 16, 10, 18, 7, 1, 2, 14, 2, 15, 12, 1, 12, 2, 16, 10, 13, 16, 2, 14, 9, 11, 9, 15, 18, 18, 14, 7, 17, 9, 6, 2, 9, 15, 9, 17, 12, 6]",0.8938443829278291,0.6599918007850647,0.5990222692489624,9
MAST2_72,GCVPFFGDTPEELFGQVISDEIVWPEGDEALPPDAQDLTSKLLHQNPLERLGTGSAYEVKQHPFFTGLDWTGLLRQKAEF,EP300,GDSRRLSIQRCIQSLVHACQCRNANCSLPSCQKMKRVVQHTKGCKRKTNGGCPICKQLIALCCYHAKHCQENKCPVPFCLNI,TAZ2,13876.06,C_B,35.0,0.143,0.514,0.171,32.0,0.309,7.0,3.0,-25.0,1595.58,0.5028324,0.47265399,0.11784446,0.13908774,11.5259056,6939,1,50,32,1.56,"[6, 2, 18, 13, 5, 5, 6, 3, 17, 13, 4, 4, 10, 5, 6, 14, 18, 8, 16, 3, 4, 8, 18, 19, 13, 4, 6, 3, 4, 1, 10, 13, 13, 3, 1, 14, 3, 10, 17, 16, 9, 10, 10, 7, 14, 12, 13, 10, 4, 15]","[6, 3, 16, 15, 15, 10, 16, 8, 14, 15, 2, 8, 14, 16, 10, 18, 7, 1, 2, 14, 2, 15, 12, 1, 12, 2, 16, 10, 13, 16, 2, 14, 9, 11, 9, 15, 18, 18, 14, 7, 17, 9, 6, 2, 9, 15, 9, 17, 12, 6]",0.7295800461561786,0.8150959014892578,0.5130387544631958,75
EGR3_8,TVTYLGKFAFDSPSNWCQDNIISLMSAGILGVPPASGALSTQTSTASMVQPPQGDVEAMYPALPPYSNCGDLYSEPVSFH,EP300,GDSRRLSIQRCIQSLVHACQCRNANCSLPSCQKMKRVVQHTKGCKRKTNGGCPICKQLIALCCYHAKHCQENKCPVPFCLNI,TAZ2,15460.53,C_B,28.0,0.321,0.357,0.214,51.0,0.091,10.0,3.0,-18.99,1293.94,0.27848911,0.21674393,0.07777546,0.11653032,15.4947758,1516,1,50,32,1.56,"[17, 18, 17, 20, 10, 6, 9, 5, 1, 5, 3, 16, 13, 16, 12, 19, 2, 14, 3, 12, 8, 8, 16, 10, 11, 16, 1, 6, 8, 10, 6, 18, 13, 13, 1, 16, 6, 1, 10, 16, 17, 14, 17, 16, 17, 1, 16, 11, 18, 14]","[6, 3, 16, 15, 15, 10, 16, 8, 14, 15, 2, 8, 14, 16, 10, 18, 7, 1, 2, 14, 2, 15, 12, 1, 12, 2, 16, 10, 13, 16, 2, 14, 9, 11, 9, 15, 18, 18, 14, 7, 17, 9, 6, 2, 9, 15, 9, 17, 12, 6]",0.6939921725410043,0.5370705723762512,0.6192123889923096,28
CREB3L2_0,EVLESGEQGVLQWDRKLSELSEPGDGEALMYHTHFSELLDEFSQNVLGQLLNDPFLSEKSVSMEVEPSPTSPAPLIQAEH,EP300,GDSRRLSIQRCIQSLVHACQCRNANCSLPSCQKMKRVVQHTKGCKRKTNGGCPICKQLIALCCYHAKHCQENKCPVPFCLNI,TAZ2,17122.3,C_B,18.0,0.167,0.611,0.111,14.0,0.165,1.0,0.0,-17.49,1107.49,0.31977863,0.2729722,0.07040444,0.11284456,16.6484489,1879,1,50,32,1.56,"[4, 18, 10, 4, 16, 6, 4, 14, 6, 18, 10, 14, 19, 3, 15, 9, 10, 16, 4, 10, 16, 4, 13, 6, 3, 6, 4, 1, 10, 11, 20, 7, 17, 7, 5, 16, 4, 10, 10, 3, 4, 5, 16, 14, 12, 18, 10, 6, 14, 10]","[6, 3, 16, 15, 15, 10, 16, 8, 14, 15, 2, 8, 14, 16, 10, 18, 7, 1, 2, 14, 2, 15, 12, 1, 12, 2, 16, 10, 13, 16, 2, 14, 9, 11, 9, 15, 18, 18, 14, 7, 17, 9, 6, 2, 9, 15, 9, 17, 12, 6]",0.6566681078774335,0.6000159382820129,0.546142041683197,19
HOXB13_11,ETPTAGEEYPSRPTEFAFYPGYPGTYQPMASYLDVSVVQTLGAPGEPRHDSLLPVDSYQSWALAGGWNSQMCCQGEQNPP,EP300,GDSRRLSIQRCIQSLVHACQCRNANCSLPSCQKMKRVVQHTKGCKRKTNGGCPICKQLIALCCYHAKHCQENKCPVPFCLNI,TAZ2,29807.31,C_B,20.0,0.25,0.5,0.2,15.0,0.422,6.0,0.0,-18.35,1051.51,0.28728684,0.22520387,0.05404287,0.11992005,15.5373297,1771,1,50,32,1.56,"[4, 17, 13, 17, 1, 6, 4, 4, 20, 13, 16, 15, 13, 17, 4, 5, 1, 5, 20, 13, 6, 20, 13, 6, 17, 20, 14, 13, 11, 1, 16, 20, 10, 3, 18, 16, 18, 18, 14, 17, 10, 6, 1, 13, 6, 4, 13, 15, 7, 3]","[6, 3, 16, 15, 15, 10, 16, 8, 14, 15, 2, 8, 14, 16, 10, 18, 7, 1, 2, 14, 2, 15, 12, 1, 12, 2, 16, 10, 13, 16, 2, 14, 9, 11, 9, 15, 18, 18, 14, 7, 17, 9, 6, 2, 9, 15, 9, 17, 12, 6]",0.3717573600013476,0.5935868620872498,0.47104501724243164,58
ETV5_0,DGFYDQQVPFMVPGKSRSEECRGRPVIDRKRKFLDTDLAHDSEELFQDLSQLQEAWLAEAQVPDDEQFVPDFQSDNLVLH,EP300,GDSRRLSIQRCIQSLVHACQCRNANCSLPSCQKMKRVVQHTKGCKRKTNGGCPICKQLIALCCYHAKHCQENKCPVPFCLNI,TAZ2,22613.21,C_B,30.0,0.233,0.533,0.167,28.0,0.477,5.0,4.0,-17.86,1324.04,0.55172505,0.5504991,0.137815,0.12272423,15.4929504,3657,1,50,32,1.56,"[3, 6, 5, 20, 3, 14, 14, 18, 13, 5, 11, 18, 13, 6, 9, 16, 15, 16, 4, 4, 2, 15, 6, 15, 13, 18, 8, 3, 15, 9, 15, 9, 5, 10, 3, 17, 3, 10, 1, 7, 3, 16, 4, 4, 10, 5, 14, 3, 10, 16]","[6, 3, 16, 15, 15, 10, 16, 8, 14, 15, 2, 8, 14, 16, 10, 18, 7, 1, 2, 14, 2, 15, 12, 1, 12, 2, 16, 10, 13, 16, 2, 14, 9, 11, 9, 15, 18, 18, 14, 7, 17, 9, 6, 2, 9, 15, 9, 17, 12, 6]",0.5333399217254101,0.2871954143047333,0.16572217643260956,34
IRF2_18,HLDSNIENQEIVTNPPDICQVVEVTTESDEQPVSMSELYPLQISPVSSYAESETTDSVPSDEESAEGRPHWRKRNIEGKQ,EP300,GDSRRLSIQRCIQSLVHACQCRNANCSLPSCQKMKRVVQHTKGCKRKTNGGCPICKQLIALCCYHAKHCQENKCPVPFCLNI,TAZ2,30739.63,C_B,27.0,0.296,0.37,0.148,24.0,0.479,5.0,4.0,-16.28,1004.23,0.64321694,0.66382515,0.15126773,0.13829736,16.5965443,2989,1,50,32,1.56,"[7, 10, 3, 16, 12, 8, 4, 12, 14, 4, 8, 18, 17, 12, 13, 13, 3, 8, 2, 14, 18, 18, 4, 18, 17, 17, 4, 16, 3, 4, 14, 13, 18, 16, 11, 16, 4, 10, 20, 13, 10, 14, 8, 16, 13, 18, 16, 16, 20, 1]","[6, 3, 16, 15, 15, 10, 16, 8, 14, 15, 2, 8, 14, 16, 10, 18, 7, 1, 2, 14, 2, 15, 12, 1, 12, 2, 16, 10, 13, 16, 2, 14, 9, 11, 9, 15, 18, 18, 14, 7, 17, 9, 6, 2, 9, 15, 9, 17, 12, 6]",0.35081705420262677,0.5419315099716187,0.45708078145980835,62
USP22_28,DDNGKKANNPNHCNCIIDQIFTGGLQSDVTCQVCHGVSTTIDPFWDISLDLPGSSTPFWPLSPGSEGNVVNGESHVSGTT,EP300,GDSRRLSIQRCIQSLVHACQCRNANCSLPSCQKMKRVVQHTKGCKRKTNGGCPICKQLIALCCYHAKHCQENKCPVPFCLNI,TAZ2,13687.78,C_B,26.0,0.192,0.462,0.192,24.0,0.37,5.0,3.0,-20.02,1039.55,0.5016812,0.49195343,0.09361138,0.15747471,12.2595625,1242,1,50,32,1.56,"[3, 3, 12, 6, 9, 9, 1, 12, 12, 13, 12, 7, 2, 12, 2, 8, 8, 3, 14, 8, 5, 17, 6, 6, 10, 14, 16, 3, 18, 17, 2, 14, 18, 2, 7, 6, 18, 16, 17, 17, 8, 3, 13, 5, 19, 3, 8, 16, 10, 3]","[6, 3, 16, 15, 15, 10, 16, 8, 14, 15, 2, 8, 14, 16, 10, 18, 7, 1, 2, 14, 2, 15, 12, 1, 12, 2, 16, 10, 13, 16, 2, 14, 9, 11, 9, 15, 18, 18, 14, 7, 17, 9, 6, 2, 9, 15, 9, 17, 12, 6]",0.733808895452325,0.8178908824920654,0.6556715369224548,142
NR3C1_17,GQTGTNGGNVKLYTTDQSTFDILQDLEFSSGSPGKETNESPWRSDLLIDENCLLSPLAGEDDSFLLEGNSNEDCKPLILP,EP300,GDSRRLSIQRCIQSLVHACQCRNANCSLPSCQKMKRVVQHTKGCKRKTNGGCPICKQLIALCCYHAKHCQENKCPVPFCLNI,TAZ2,21878.48,C_B,35.0,0.314,0.543,0.114,39.0,0.249,3.0,6.0,-17.99,1210.93,0.31616681,0.25929737,0.094924,0.12129383,15.7298212,1967,1,50,32,1.56,"[6, 14, 17, 6, 17, 12, 6, 6, 12, 18, 9, 10, 20, 17, 17, 3, 14, 16, 17, 5, 3, 8, 10, 14, 3, 10, 4, 5, 16, 16, 6, 16, 13, 6, 9, 4, 17, 12, 4, 16, 13, 19, 15, 16, 3, 10, 10, 8, 3, 4]","[6, 3, 16, 15, 15, 10, 16, 8, 14, 15, 2, 8, 14, 16, 10, 18, 7, 1, 2, 14, 2, 15, 12, 1, 12, 2, 16, 10, 13, 16, 2, 14, 9, 11, 9, 15, 18, 18, 14, 7, 17, 9, 6, 2, 9, 15, 9, 17, 12, 6]",0.5498422716476408,0.0,0.24298156797885895,101
FOS_29,MDLSGSFYAADWEPLHSGSLGMGPMATELEPLCTPVVTCTPSCTAYTSSFVFTYPEADSFPSCAAAHRKGSSSNEPSSDS,EP300,GDSRRLSIQRCIQSLVHACQCRNANCSLPSCQKMKRVVQHTKGCKRKTNGGCPICKQLIALCCYHAKHCQENKCPVPFCLNI,TAZ2,21953.25,C_B,16.0,0.313,0.563,0.063,13.0,0.296,7.0,0.0,-14.72,875.79,0.34673943,0.29029217,0.06967916,0.12964008,14.7105455,3697,1,50,32,1.56,"[11, 3, 10, 16, 6, 16, 5, 20, 1, 1, 3, 19, 4, 13, 10, 7, 16, 6, 16, 10, 6, 11, 6, 13, 11, 1, 17, 4, 10, 4, 13, 10, 2, 17, 13, 18, 18, 17, 2, 17, 13, 16, 2, 17, 1, 20, 17, 16, 16, 5]","[6, 3, 16, 15, 15, 10, 16, 8, 14, 15, 2, 8, 14, 16, 10, 18, 7, 1, 2, 14, 2, 15, 12, 1, 12, 2, 16, 10, 13, 16, 2, 14, 9, 11, 9, 15, 18, 18, 14, 7, 17, 9, 6, 2, 9, 15, 9, 17, 12, 6]",0.5481629054809058,0.7615562677383423,0.7444572448730469,39
CHD2_95,LENNSGRSNSNPFNKEELTAILKFGAEDLFKELEGEESEPQEMDIDEILRLAETRENEVSTSATDELLSQFKVANFATME,EP300,GDSRRLSIQRCIQSLVHACQCRNANCSLPSCQKMKRVVQHTKGCKRKTNGGCPICKQLIALCCYHAKHCQENKCPVPFCLNI,TAZ2,15855.78,C_B,32.0,0.188,0.5,0.219,25.0,0.276,1.0,6.0,-20.54,1208.8,0.39156174,0.36232263,0.08801356,0.10722314,16.007555,2045,1,50,32,1.56,"[10, 4, 12, 12, 16, 6, 15, 16, 12, 16, 12, 13, 5, 12, 9, 4, 4, 10, 17, 1, 8, 10, 9, 5, 6, 1, 4, 3, 10, 5, 9, 4, 10, 4, 6, 4, 4, 16, 4, 13, 14, 4, 11, 3, 8, 3, 4, 8, 10, 15]","[6, 3, 16, 15, 15, 10, 16, 8, 14, 15, 2, 8, 14, 16, 10, 18, 7, 1, 2, 14, 2, 15, 12, 1, 12, 2, 16, 10, 13, 16, 2, 14, 9, 11, 9, 15, 18, 18, 14, 7, 17, 9, 6, 2, 9, 15, 9, 17, 12, 6]",0.6851146885580967,0.9215196967124939,0.9333425164222717,16
PRKDC_293,RSIGEYDVLRGIFTSEIGTKQITQSALLAEARSDYSEAAKQYDEALNKQDWVDGEPTEAEKDFWELASLDCYNHLAEWKS,EP300,GDSRRLSIQRCIQSLVHACQCRNANCSLPSCQKMKRVVQHTKGCKRKTNGGCPICKQLIALCCYHAKHCQENKCPVPFCLNI,TAZ2,11764.25,C_B,29.0,0.207,0.379,0.241,26.0,0.347,7.0,6.0,-10.81,1225.4,0.37630648,0.33275923,0.11096775,0.17129289,11.4474592,2309,2,50,32,1.56,"[15, 16, 8, 6, 4, 20, 3, 18, 10, 15, 6, 8, 5, 17, 16, 4, 8, 6, 17, 9, 14, 8, 17, 14, 16, 1, 10, 10, 1, 4, 1, 15, 16, 3, 20, 16, 4, 1, 1, 9, 14, 20, 3, 4, 1, 10, 12, 9, 14, 3]","[6, 3, 16, 15, 15, 10, 16, 8, 14, 15, 2, 8, 14, 16, 10, 18, 7, 1, 2, 14, 2, 15, 12, 1, 12, 2, 16, 10, 13, 16, 2, 14, 9, 11, 9, 15, 18, 18, 14, 7, 17, 9, 6, 2, 9, 15, 9, 17, 12, 6]",0.7770122016272579,0.8364040851593018,0.6277649998664856,108
TFEC_24,DLGAHVTKQQSHPEQNSVDYCQQLTVSQGPSPELCDQAIAFSDPLSYFTDLSFSAALKEEQRLDGMLLDDTISPFGTDPL,EP300,GDSRRLSIQRCIQSLVHACQCRNANCSLPSCQKMKRVVQHTKGCKRKTNGGCPICKQLIALCCYHAKHCQENKCPVPFCLNI,TAZ2,13691.92,C_B,17.0,0.294,0.471,0.118,16.0,0.257,2.0,3.0,-12.38,803.76,0.36643118,0.32146537,0.1469835,0.10975354,15.0058384,1306,1,50,32,1.56,"[3, 10, 6, 1, 7, 18, 17, 9, 14, 14, 16, 7, 13, 4, 14, 12, 16, 18, 3, 20, 2, 14, 14, 10, 17, 18, 16, 14, 6, 13, 16, 13, 4, 10, 2, 3, 14, 1, 8, 1, 5, 16, 3, 13, 10, 16, 20, 5, 17, 3]","[6, 3, 16, 15, 15, 10, 16, 8, 14, 15, 2, 8, 14, 16, 10, 18, 7, 1, 2, 14, 2, 15, 12, 1, 12, 2, 16, 10, 13, 16, 2, 14, 9, 11, 9, 15, 18, 18, 14, 7, 17, 9, 6, 2, 9, 15, 9, 17, 12, 6]",0.7337159092823331,0.11769264191389084,0.7156929969787598,135
ELF3_13,SSDELSWIIELLEKDGMAFQEALDPGPFDQGSPFAQELLDDGQQASPYHPGSCGAGAPSPGSSDVSTAGTGASRSSHSSD,EP300,GDSRRLSIQRCIQSLVHACQCRNANCSLPSCQKMKRVVQHTKGCKRKTNGGCPICKQLIALCCYHAKHCQENKCPVPFCLNI,TAZ2,7813.41,C_B,24.0,0.125,0.667,0.208,23.0,0.433,4.0,9.0,-15.42,910.93,0.38430092,0.35545945,0.13868039,0.11830611,18.4277401,2283,1,50,32,1.56,"[16, 16, 3, 4, 10, 16, 19, 8, 8, 4, 10, 10, 4, 9, 3, 6, 11, 1, 5, 14, 4, 1, 10, 3, 13, 6, 13, 5, 3, 14, 6, 16, 13, 5, 1, 14, 4, 10, 10, 3, 3, 6, 14, 14, 1, 16, 13, 20, 7, 13]","[6, 3, 16, 15, 15, 10, 16, 8, 14, 15, 2, 8, 14, 16, 10, 18, 7, 1, 2, 14, 2, 15, 12, 1, 12, 2, 16, 10, 13, 16, 2, 14, 9, 11, 9, 15, 18, 18, 14, 7, 17, 9, 6, 2, 9, 15, 9, 17, 12, 6]",0.8657497571466273,0.7032730579376221,0.6448739171028137,29
CREBBP_2,GFSANDSTDFGSLFDLENDLPDELIPNGGELGLLNSGNLVPDAASKHKQLSELLRGGSGSSINPGIGNVSASSPVQQGLG,EP300,GDSRRLSIQRCIQSLVHACQCRNANCSLPSCQKMKRVVQHTKGCKRKTNGGCPICKQLIALCCYHAKHCQENKCPVPFCLNI,TAZ2,35236.55,C_B,26.0,0.269,0.5,0.192,22.0,0.294,5.0,6.0,-17.35,1158.65,0.29515523,0.23580262,0.09423386,0.1201149,16.2991867,1973,1,50,32,1.56,"[6, 5, 16, 1, 12, 3, 16, 17, 3, 5, 6, 16, 10, 5, 3, 10, 4, 12, 3, 10, 13, 3, 4, 10, 8, 13, 12, 6, 6, 4, 10, 6, 10, 10, 12, 16, 6, 12, 10, 18, 13, 3, 1, 1, 16, 9, 7, 9, 14, 10]","[6, 3, 16, 15, 15, 10, 16, 8, 14, 15, 2, 8, 14, 16, 10, 18, 7, 1, 2, 14, 2, 15, 12, 1, 12, 2, 16, 10, 13, 16, 2, 14, 9, 11, 9, 15, 18, 18, 14, 7, 17, 9, 6, 2, 9, 15, 9, 17, 12, 6]",0.24981430841536068,0.0,0.2810152769088745,21
TIGD1_40,VWKKLIPTLIDDYEGFKTSVEEVSADVVEIAKELELEVEPEDVTELLQSHDKTLTDEELFLMDAQRKWFLEMESTPGEDA,EP300,GDSRRLSIQRCIQSLVHACQCRNANCSLPSCQKMKRVVQHTKGCKRKTNGGCPICKQLIALCCYHAKHCQENKCPVPFCLNI,TAZ2,17591.82,C_B,50.0,0.22,0.42,0.26,78.0,0.181,14.0,6.0,-25.92,1867.66,0.64354924,0.6458421,0.17529682,0.17316506,11.958231,126,1,50,32,1.56,"[18, 19, 9, 9, 10, 8, 13, 17, 10, 8, 3, 3, 20, 4, 6, 5, 9, 17, 16, 18, 4, 4, 18, 16, 1, 3, 18, 18, 4, 8, 1, 9, 4, 10, 4, 10, 4, 18, 4, 13, 4, 3, 18, 17, 4, 10, 10, 14, 16, 7]","[6, 3, 16, 15, 15, 10, 16, 8, 14, 15, 2, 8, 14, 16, 10, 18, 7, 1, 2, 14, 2, 15, 12, 1, 12, 2, 16, 10, 13, 16, 2, 14, 9, 11, 9, 15, 18, 18, 14, 7, 17, 9, 6, 2, 9, 15, 9, 17, 12, 6]",0.6461224879415579,0.8606186509132385,0.6023154258728027,137
ZNF644_90,PGENATLSYDQNDGFYFEYYEDTGSNNFLHEIHDPQHLETADASLSKHSSVFHWTDLSLEKKSCPYCPATFETGVGLSNH,EP300,GDSRRLSIQRCIQSLVHACQCRNANCSLPSCQKMKRVVQHTKGCKRKTNGGCPICKQLIALCCYHAKHCQENKCPVPFCLNI,TAZ2,21319.72,C_B,22.0,0.227,0.636,0.045,22.0,0.25,1.0,3.0,-24.01,1191.28,0.30668412,0.24664444,0.07617981,0.12295123,18.7904816,1662,1,50,32,1.56,"[13, 6, 4, 12, 1, 17, 10, 16, 20, 3, 14, 12, 3, 6, 5, 20, 5, 4, 20, 20, 4, 3, 17, 6, 16, 12, 12, 5, 10, 7, 4, 8, 7, 3, 13, 14, 7, 10, 4, 17, 1, 3, 1, 16, 10, 16, 9, 7, 16, 16]","[6, 3, 16, 15, 15, 10, 16, 8, 14, 15, 2, 8, 14, 16, 10, 18, 7, 1, 2, 14, 2, 15, 12, 1, 12, 2, 16, 10, 13, 16, 2, 14, 9, 11, 9, 15, 18, 18, 14, 7, 17, 9, 6, 2, 9, 15, 9, 17, 12, 6]",0.5623922601366718,0.7212753295898438,0.7744831442832947,145
GCM1_31,CYSNYPFPLTSWPCSFSPSQNSSEPFYQQLPLEPPAAKTGCPPLWPNPAGNLYEEKVHVDFNSYVQSPAYHSPQEDPFLF,EP300,GDSRRLSIQRCIQSLVHACQCRNANCSLPSCQKMKRVVQHTKGCKRKTNGGCPICKQLIALCCYHAKHCQENKCPVPFCLNI,TAZ2,21443.78,C_B,23.0,0.348,0.435,0.217,26.0,0.402,5.0,0.0,-12.02,977.56,0.62458117,0.64685386,0.14168937,0.12980706,17.380846,2249,1,50,32,1.56,"[2, 20, 16, 12, 20, 13, 5, 13, 10, 17, 16, 19, 13, 2, 16, 5, 16, 13, 16, 14, 12, 16, 16, 4, 13, 5, 20, 14, 14, 10, 13, 10, 4, 13, 13, 1, 1, 9, 17, 6, 2, 13, 13, 10, 19, 13, 12, 13, 1, 6]","[6, 3, 16, 15, 15, 10, 16, 8, 14, 15, 2, 8, 14, 16, 10, 18, 7, 1, 2, 14, 2, 15, 12, 1, 12, 2, 16, 10, 13, 16, 2, 14, 9, 11, 9, 15, 18, 18, 14, 7, 17, 9, 6, 2, 9, 15, 9, 17, 12, 6]",0.5596058194967741,0.0,0.35575810074806213,48
TAF1L_47,QGFAPTLDDDKPWYSIFPIDNEDLVYGRWEDNIIWDAQAMPRLLEPPVLALDPNDENLILEIPDEKEEATSNSPSKESKK,EP300,GDSRRLSIQRCIQSLVHACQCRNANCSLPSCQKMKRVVQHTKGCKRKTNGGCPICKQLIALCCYHAKHCQENKCPVPFCLNI,TAZ2,13917.37,C_B,53.0,0.189,0.453,0.264,64.0,0.204,8.0,6.0,-21.84,1777.57,0.26986343,0.20798829,0.0813534,0.1328987,15.765645,3493,1,50,32,1.56,"[14, 6, 5, 1, 13, 17, 10, 3, 3, 3, 9, 13, 19, 20, 16, 8, 5, 13, 8, 3, 12, 4, 3, 10, 18, 20, 6, 15, 19, 4, 3, 12, 8, 8, 19, 3, 1, 14, 1, 11, 13, 15, 10, 10, 4, 13, 13, 18, 10, 1]","[6, 3, 16, 15, 15, 10, 16, 8, 14, 15, 2, 8, 14, 16, 10, 18, 7, 1, 2, 14, 2, 15, 12, 1, 12, 2, 16, 10, 13, 16, 2, 14, 9, 11, 9, 15, 18, 18, 14, 7, 17, 9, 6, 2, 9, 15, 9, 17, 12, 6]",0.7286522058947391,0.3815456032752991,0.47302934527397156,130
NCOA3_100,AASNQLGSWPDGMLSMEQVSHGTQNRPLLRNSLDDLVGPPSNLEGQSDERALLDQLHTLLSNTDATGLEEIDRALGIPEL,EP300,GDSRRLSIQRCIQSLVHACQCRNANCSLPSCQKMKRVVQHTKGCKRKTNGGCPICKQLIALCCYHAKHCQENKCPVPFCLNI,TAZ2,46358.97,C_B,22.0,0.182,0.545,0.273,19.0,0.278,1.0,12.0,-15.92,1055.33,0.50203242,0.4869995,0.13644125,0.18685461,12.3856907,5208,3,50,32,1.56,"[1, 1, 16, 12, 14, 10, 6, 16, 19, 13, 3, 6, 11, 10, 16, 11, 4, 14, 18, 16, 7, 6, 17, 14, 12, 15, 13, 10, 10, 15, 12, 16, 10, 3, 3, 10, 18, 6, 13, 13, 16, 12, 10, 4, 6, 14, 16, 3, 4, 15]","[6, 3, 16, 15, 15, 10, 16, 8, 14, 15, 2, 8, 14, 16, 10, 18, 7, 1, 2, 14, 2, 15, 12, 1, 12, 2, 16, 10, 13, 16, 2, 14, 9, 11, 9, 15, 18, 18, 14, 7, 17, 9, 6, 2, 9, 15, 9, 17, 12, 6]",0.0,0.7098463177680969,0.692768394947052,92
KMT2A_282,DTYNTELLKSDSDNNNSDDCGNILPSDIMDFVLKNTPSMQALGESPESSSSELLNLGEGLGLDSNREKDMGLFEVFSQQL,EP300,GDSRRLSIQRCIQSLVHACQCRNANCSLPSCQKMKRVVQHTKGCKRKTNGGCPICKQLIALCCYHAKHCQENKCPVPFCLNI,TAZ2,14754.66,C_B,31.0,0.258,0.484,0.226,26.0,0.468,7.0,2.0,-22.62,1357.09,0.5896636,0.59286875,0.16014927,0.1340979,14.4288158,3869,2,50,32,1.56,"[3, 17, 20, 12, 17, 4, 10, 10, 9, 16, 3, 16, 3, 12, 12, 12, 16, 3, 3, 2, 6, 12, 8, 10, 13, 16, 3, 8, 11, 3, 5, 18, 10, 9, 12, 17, 13, 16, 11, 14, 1, 10, 6, 4, 16, 13, 4, 16, 16, 16]","[6, 3, 16, 15, 15, 10, 16, 8, 14, 15, 2, 8, 14, 16, 10, 18, 7, 1, 2, 14, 2, 15, 12, 1, 12, 2, 16, 10, 13, 16, 2, 14, 9, 11, 9, 15, 18, 18, 14, 7, 17, 9, 6, 2, 9, 15, 9, 17, 12, 6]",0.709846314524597,0.6090441346168518,0.730534017086029,70
MYBL1_31,NSLDEHTSEFYSMDENQPVSAQQNSPTKFLAVEANAVLSSLQTIPEFAETLELIESDPVAWSDVTSFDISDAAASPIKST,EP300,GDSRRLSIQRCIQSLVHACQCRNANCSLPSCQKMKRVVQHTKGCKRKTNGGCPICKQLIALCCYHAKHCQENKCPVPFCLNI,TAZ2,16341.96,C_B,40.0,0.275,0.5,0.2,38.0,0.458,1.0,2.0,-25.98,1528.5,0.52383675,0.5116408,0.25504317,0.18000861,10.7611151,4139,1,50,32,1.56,"[12, 16, 10, 3, 4, 7, 17, 16, 4, 5, 20, 16, 11, 3, 4, 12, 14, 13, 18, 16, 1, 14, 14, 12, 16, 13, 17, 9, 5, 10, 1, 18, 4, 1, 12, 1, 18, 10, 16, 16, 10, 14, 17, 8, 13, 4, 5, 1, 4, 17]","[6, 3, 16, 15, 15, 10, 16, 8, 14, 15, 2, 8, 14, 16, 10, 18, 7, 1, 2, 14, 2, 15, 12, 1, 12, 2, 16, 10, 13, 16, 2, 14, 9, 11, 9, 15, 18, 18, 14, 7, 17, 9, 6, 2, 9, 15, 9, 17, 12, 6]",0.6741948778995008,0.6379547715187073,0.5711629390716553,85
NANOGP8_21,NIQSWSNHSWNTQTWCTQSWNNQAWNSPFYNCGEESLQSCMHFQPNSPASDLEAALEAAGEGLNVIQQTTRYFSTPQTMD,EP300,GDSRRLSIQRCIQSLVHACQCRNANCSLPSCQKMKRVVQHTKGCKRKTNGGCPICKQLIALCCYHAKHCQENKCPVPFCLNI,TAZ2,19022.5,C_B,37.0,0.27,0.541,0.135,40.0,0.372,2.0,1.0,-21.77,1266.73,0.73409366,0.7740444,0.23933067,0.12981065,17.9480057,2702,1,50,32,1.56,"[12, 8, 14, 16, 19, 16, 12, 7, 16, 19, 12, 17, 14, 17, 19, 2, 17, 14, 16, 19, 12, 12, 14, 1, 19, 12, 16, 13, 5, 20, 12, 2, 6, 4, 4, 16, 10, 14, 16, 2, 11, 7, 5, 14, 13, 12, 16, 13, 1, 16]","[6, 3, 16, 15, 15, 10, 16, 8, 14, 15, 2, 8, 14, 16, 10, 18, 7, 1, 2, 14, 2, 15, 12, 1, 12, 2, 16, 10, 13, 16, 2, 14, 9, 11, 9, 15, 18, 18, 14, 7, 17, 9, 6, 2, 9, 15, 9, 17, 12, 6]",0.6139888034768742,0.7593116164207458,0.6083943843841553,91
DLX3_0,SGSFDRKLSSILTDISSSLSCHAGSKDSPTLPESSVTDLGYYSAPQHDYYSGQPYGQTVNPYTYHHQFNLNGLAGTGAYS,EP300,GDSRRLSIQRCIQSLVHACQCRNANCSLPSCQKMKRVVQHTKGCKRKTNGGCPICKQLIALCCYHAKHCQENKCPVPFCLNI,TAZ2,46358.97,C_B,19.0,0.263,0.579,0.158,18.0,0.392,0.0,0.0,-15.52,976.7,0.3810305,0.34405768,0.11757127,0.1177081,15.8933487,2416,2,50,32,1.56,"[16, 6, 16, 5, 3, 15, 9, 10, 16, 16, 8, 10, 17, 3, 8, 16, 16, 16, 10, 16, 2, 7, 1, 6, 16, 9, 3, 16, 13, 17, 10, 13, 4, 16, 16, 18, 17, 3, 10, 6, 20, 20, 16, 1, 13, 14, 7, 3, 20, 20]","[6, 3, 16, 15, 15, 10, 16, 8, 14, 15, 2, 8, 14, 16, 10, 18, 7, 1, 2, 14, 2, 15, 12, 1, 12, 2, 16, 10, 13, 16, 2, 14, 9, 11, 9, 15, 18, 18, 14, 7, 17, 9, 6, 2, 9, 15, 9, 17, 12, 6]",0.0,0.9280185699462891,0.5161519050598145,25
PPP2CA_16,GQIFCLHGGLSPSIDTLDHIRALDRLQEVPHEGPMCDLLWSDPDDRGGWGISPRGAGYTFGQDISETFNHANGLTLVSRA,EP300,GDSRRLSIQRCIQSLVHACQCRNANCSLPSCQKMKRVVQHTKGCKRKTNGGCPICKQLIALCCYHAKHCQENKCPVPFCLNI,TAZ2,14337.76,C_B,35.0,0.257,0.371,0.143,40.0,0.096,9.0,1.0,-15.87,1068.04,0.25499673,0.1889782,0.06919258,0.17003527,11.5463381,2739,1,50,32,1.56,"[6, 14, 8, 5, 2, 10, 7, 6, 6, 10, 16, 13, 16, 8, 3, 17, 10, 3, 7, 8, 15, 1, 10, 3, 15, 10, 14, 4, 18, 13, 7, 4, 6, 13, 11, 2, 3, 10, 10, 19, 16, 3, 13, 3, 3, 15, 6, 6, 19, 6]","[6, 3, 16, 15, 15, 10, 16, 8, 14, 15, 2, 8, 14, 16, 10, 18, 7, 1, 2, 14, 2, 15, 12, 1, 12, 2, 16, 10, 13, 16, 2, 14, 9, 11, 9, 15, 18, 18, 14, 7, 17, 9, 6, 2, 9, 15, 9, 17, 12, 6]",0.7192100667636208,0.3717573583126068,0.18615348637104034,107
SP6_9,FSKLLQPDMSHHYESWFRPTHPGAEDGSWWDLHPGTSWMDLPHTQGALTSPGHPGALQAGLGGYVGDHQLCAPPPHPHAH,EP300,GDSRRLSIQRCIQSLVHACQCRNANCSLPSCQKMKRVVQHTKGCKRKTNGGCPICKQLIALCCYHAKHCQENKCPVPFCLNI,TAZ2,17707.42,C_B,11.0,0.182,0.636,0.182,9.0,0.266,3.0,0.0,-12.71,795.76,0.23088337,0.16145262,0.04506863,0.12136271,17.642952,1295,2,50,32,1.56,"[5, 16, 9, 10, 10, 14, 13, 3, 11, 16, 7, 7, 20, 4, 16, 19, 5, 15, 13, 17, 7, 13, 6, 1, 4, 3, 6, 16, 19, 19, 3, 10, 7, 13, 6, 17, 16, 19, 11, 3, 10, 13, 7, 17, 14, 6, 1, 10, 17, 16]","[6, 3, 16, 15, 15, 10, 16, 8, 14, 15, 2, 8, 14, 16, 10, 18, 7, 1, 2, 14, 2, 15, 12, 1, 12, 2, 16, 10, 13, 16, 2, 14, 9, 11, 9, 15, 18, 18, 14, 7, 17, 9, 6, 2, 9, 15, 9, 17, 12, 6]",0.6435260625186001,0.0,0.20648375153541565,124
CRX_19,AMTYAPASAFCSSPSAYGSPSSYFSGLDPYLSPMVPQLGGPALSPLSGPSVGPSLAQSPTSLSGQSYGAYSPVDSLEFKD,EP300,GDSRRLSIQRCIQSLVHACQCRNANCSLPSCQKMKRVVQHTKGCKRKTNGGCPICKQLIALCCYHAKHCQENKCPVPFCLNI,TAZ2,46358.97,C_B,25.0,0.32,0.4,0.08,23.0,0.167,2.0,0.0,-13.86,689.06,0.3150463,0.26421165,0.09637115,0.12607756,18.2461205,1834,3,50,32,1.56,"[1, 11, 17, 20, 1, 13, 1, 16, 1, 5, 2, 16, 16, 13, 16, 1, 20, 6, 16, 13, 16, 16, 20, 5, 16, 6, 10, 3, 13, 20, 10, 16, 13, 11, 18, 13, 14, 10, 6, 6, 13, 1, 10, 16, 13, 10, 16, 6, 13, 16]","[6, 3, 16, 15, 15, 10, 16, 8, 14, 15, 2, 8, 14, 16, 10, 18, 7, 1, 2, 14, 2, 15, 12, 1, 12, 2, 16, 10, 13, 16, 2, 14, 9, 11, 9, 15, 18, 18, 14, 7, 17, 9, 6, 2, 9, 15, 9, 17, 12, 6]",0.0,0.6953485608100891,0.6773111820220947,23
KMT2A_284,GNILPSDIMDFVLKNTPSMQALGESPESSSSELLNLGEGLGLDSNREKDMGLFEVFSQQLPTTEPVDSSVSSSISAEEQF,EP300,GDSRRLSIQRCIQSLVHACQCRNANCSLPSCQKMKRVVQHTKGCKRKTNGGCPICKQLIALCCYHAKHCQENKCPVPFCLNI,TAZ2,31363.26,C_B,27.0,0.185,0.593,0.111,23.0,0.226,2.0,0.0,-20.76,1067.62,0.28631341,0.22649077,0.05692337,0.11095061,15.3397789,1428,3,50,32,1.56,"[6, 12, 8, 10, 13, 16, 3, 8, 11, 3, 5, 18, 10, 9, 12, 17, 13, 16, 11, 14, 1, 10, 6, 4, 16, 13, 4, 16, 16, 16, 16, 4, 10, 10, 12, 10, 6, 4, 6, 10, 6, 10, 3, 16, 12, 15, 4, 9, 3, 11]","[6, 3, 16, 15, 15, 10, 16, 8, 14, 15, 2, 8, 14, 16, 10, 18, 7, 1, 2, 14, 2, 15, 12, 1, 12, 2, 16, 10, 13, 16, 2, 14, 9, 11, 9, 15, 18, 18, 14, 7, 17, 9, 6, 2, 9, 15, 9, 17, 12, 6]",0.33681005777944995,0.7295800447463989,0.7632526755332947,71
RFX7_86,KEFEPSVSQTNESYFPFDDELTQDSIVEELVLMEQQMSMNNSHSYGNCLGMTLQSQSVTPGAPMSSHTSSTHFYHPIHSN,EP300,GDSRRLSIQRCIQSLVHACQCRNANCSLPSCQKMKRVVQHTKGCKRKTNGGCPICKQLIALCCYHAKHCQENKCPVPFCLNI,TAZ2,15197.99,C_B,17.0,0.118,0.765,0.059,12.0,0.269,0.0,3.0,-19.08,975.21,0.37987278,0.3409276,0.0937083,0.12658595,17.6085835,894,1,50,32,1.56,"[9, 4, 5, 4, 13, 16, 18, 16, 14, 17, 12, 4, 16, 20, 5, 13, 5, 3, 3, 4, 10, 17, 14, 3, 16, 8, 18, 4, 4, 10, 18, 10, 11, 4, 14, 14, 11, 16, 11, 12, 12, 16, 7, 16, 20, 6, 12, 2, 10, 6]","[6, 3, 16, 15, 15, 10, 16, 8, 14, 15, 2, 8, 14, 16, 10, 18, 7, 1, 2, 14, 2, 15, 12, 1, 12, 2, 16, 10, 13, 16, 2, 14, 9, 11, 9, 15, 18, 18, 14, 7, 17, 9, 6, 2, 9, 15, 9, 17, 12, 6]",0.6998889331858431,0.0,0.44018983840942383,116
AKAP8_0,DQGYGGYGAWSAGPANTQGAYGTGVASWQGYENYNYYGAQNTSVTTGATYSYGPASWEAAKANDGGLAAGAPAMHMASYG,EP300,GDSRRLSIQRCIQSLVHACQCRNANCSLPSCQKMKRVVQHTKGCKRKTNGGCPICKQLIALCCYHAKHCQENKCPVPFCLNI,TAZ2,16974.32,C_B,10.0,0.4,0.4,0.1,7.0,0.171,6.0,0.0,-11.84,1016.95,0.21832761,0.15141305,0.06434798,0.10760348,18.178297,946,1,50,32,1.56,"[3, 14, 6, 20, 6, 6, 20, 6, 1, 19, 16, 1, 6, 13, 1, 12, 17, 14, 6, 1, 20, 6, 17, 6, 18, 1, 16, 19, 14, 6, 20, 4, 12, 20, 12, 20, 20, 6, 1, 14, 12, 17, 16, 18, 17, 17, 6, 1, 17, 20]","[6, 3, 16, 15, 15, 10, 16, 8, 14, 15, 2, 8, 14, 16, 10, 18, 7, 1, 2, 14, 2, 15, 12, 1, 12, 2, 16, 10, 13, 16, 2, 14, 9, 11, 9, 15, 18, 18, 14, 7, 17, 9, 6, 2, 9, 15, 9, 17, 12, 6]",0.65999180194395,0.3490458130836487,0.30768412351608276,0
CHEK2_5,QSSHSSSGTLSSLETVSTQELYSIPEDQEPEDQEPEEPTPAPWARLWALQDGFANLECVNDNYWFGRDKSCEYCFDEPLL,EP300,GDSRRLSIQRCIQSLVHACQCRNANCSLPSCQKMKRVVQHTKGCKRKTNGGCPICKQLIALCCYHAKHCQENKCPVPFCLNI,TAZ2,12552.33,C_B,49.0,0.327,0.347,0.184,66.0,0.073,9.0,1.0,-7.19,1030.96,0.2569222,0.19531712,0.09827164,0.10836338,15.6741991,1374,1,50,32,1.56,"[14, 16, 16, 7, 16, 16, 16, 6, 17, 10, 16, 16, 10, 4, 17, 18, 16, 17, 14, 4, 10, 20, 16, 8, 13, 4, 3, 14, 4, 13, 4, 3, 14, 4, 13, 4, 4, 13, 17, 13, 1, 13, 19, 1, 15, 10, 19, 1, 10, 14]","[6, 3, 16, 15, 15, 10, 16, 8, 14, 15, 2, 8, 14, 16, 10, 18, 7, 1, 2, 14, 2, 15, 12, 1, 12, 2, 16, 10, 13, 16, 2, 14, 9, 11, 9, 15, 18, 18, 14, 7, 17, 9, 6, 2, 9, 15, 9, 17, 12, 6]",0.7593115878960756,0.2744022011756897,0.6312865614891052,18
SMARCA2_16,PQAMSQPNRGPSPFSPVQLHQLRAQILAYKMLARGQPLPETLQLAVQGKRTLPGLQQQQQQQQQQQQQQQQQQQQQQQPQ,EP300,GDSRRLSIQRCIQSLVHACQCRNANCSLPSCQKMKRVVQHTKGCKRKTNGGCPICKQLIALCCYHAKHCQENKCPVPFCLNI,TAZ2,31427.05,C_B,31.0,0.355,0.452,0.065,31.0,0.23,0.0,0.0,-13.23,962.49,0.30829529,0.26313943,0.11443829,0.11400014,16.801054,1704,1,50,32,1.56,"[13, 14, 1, 11, 16, 14, 13, 12, 15, 6, 13, 16, 13, 5, 16, 13, 18, 14, 10, 7, 14, 10, 15, 1, 14, 8, 10, 1, 20, 9, 11, 10, 1, 15, 6, 14, 13, 10, 13, 4, 17, 10, 14, 10, 1, 18, 14, 6, 9, 15]","[6, 3, 16, 15, 15, 10, 16, 8, 14, 15, 2, 8, 14, 16, 10, 18, 7, 1, 2, 14, 2, 15, 12, 1, 12, 2, 16, 10, 13, 16, 2, 14, 9, 11, 9, 15, 18, 18, 14, 7, 17, 9, 6, 2, 9, 15, 9, 17, 12, 6]",0.33537730710704083,0.0,0.370338499546051,119
MYBL1_20,RSSSKLQHKPCAAMDHMQTQNQFYIPVQIPGYQYVSPEGNCIEHVQPTSAFIQQPFIDEDPDKEKKIKELEMLLMSAENE,EP300,GDSRRLSIQRCIQSLVHACQCRNANCSLPSCQKMKRVVQHTKGCKRKTNGGCPICKQLIALCCYHAKHCQENKCPVPFCLNI,TAZ2,19242.65,C_B,25.0,0.12,0.6,0.24,20.0,0.41,3.0,3.0,-15.68,1074.78,0.4682424,0.45430517,0.13167968,0.11633577,16.7718334,2278,2,50,32,1.56,"[15, 16, 16, 16, 9, 10, 14, 7, 9, 13, 2, 1, 1, 11, 3, 7, 11, 14, 17, 14, 12, 14, 5, 20, 8, 13, 18, 14, 8, 13, 6, 20, 14, 20, 18, 16, 13, 4, 6, 12, 2, 8, 4, 7, 18, 14, 13, 17, 16, 1]","[6, 3, 16, 15, 15, 10, 16, 8, 14, 15, 2, 8, 14, 16, 10, 18, 7, 1, 2, 14, 2, 15, 12, 1, 12, 2, 16, 10, 13, 16, 2, 14, 9, 11, 9, 15, 18, 18, 14, 7, 17, 9, 6, 2, 9, 15, 9, 17, 12, 6]",0.6090441403552116,0.3508170545101166,0.6338420510292053,83
STAT6_77,VEDSCLSQPVTAFPQGTWIGEDIFPPLLPPTEQDLTKLLLEGQGESGGGSLGAQPLLQPSHYGQSGISMSHMDLRANPSW,EP300,GDSRRLSIQRCIQSLVHACQCRNANCSLPSCQKMKRVVQHTKGCKRKTNGGCPICKQLIALCCYHAKHCQENKCPVPFCLNI,TAZ2,19930.85,C_B,23.0,0.261,0.478,0.087,23.0,0.478,3.0,2.0,-14.26,959.64,0.60862359,0.6279185,0.21199247,0.11462795,14.9016695,2723,1,50,32,1.56,"[18, 4, 3, 16, 2, 10, 16, 14, 13, 18, 17, 1, 5, 13, 14, 6, 17, 19, 8, 6, 4, 3, 8, 5, 13, 13, 10, 10, 13, 13, 17, 4, 14, 3, 10, 17, 9, 10, 10, 10, 4, 6, 14, 6, 4, 16, 6, 6, 6, 16]","[6, 3, 16, 15, 15, 10, 16, 8, 14, 15, 2, 8, 14, 16, 10, 18, 7, 1, 2, 14, 2, 15, 12, 1, 12, 2, 16, 10, 13, 16, 2, 14, 9, 11, 9, 15, 18, 18, 14, 7, 17, 9, 6, 2, 9, 15, 9, 17, 12, 6]",0.5935868741261491,0.9744645357131958,0.7139425277709961,128
MYBL2_41,RQRKRRVALSPVTENSTSLSFLDSCNSLTPKSTPVKTLPFSPSQFLNFWNKQDTLELESPSLTSTPVCSQKVVVTTPLHR,EP300,GDSRRLSIQRCIQSLVHACQCRNANCSLPSCQKMKRVVQHTKGCKRKTNGGCPICKQLIALCCYHAKHCQENKCPVPFCLNI,TAZ2,13505.68,C_B,14.0,0.214,0.714,0.0,9.0,0.251,1.0,1.0,-15.62,788.12,0.58184792,0.58532596,0.13141121,0.14076857,16.1547871,3874,1,50,32,1.56,"[15, 14, 15, 9, 15, 15, 18, 1, 10, 16, 13, 18, 17, 4, 12, 16, 17, 16, 10, 16, 5, 10, 3, 16, 2, 12, 16, 10, 17, 13, 9, 16, 17, 13, 18, 9, 17, 10, 13, 5, 16, 13, 16, 14, 5, 10, 12, 5, 19, 12]","[6, 3, 16, 15, 15, 10, 16, 8, 14, 15, 2, 8, 14, 16, 10, 18, 7, 1, 2, 14, 2, 15, 12, 1, 12, 2, 16, 10, 13, 16, 2, 14, 9, 11, 9, 15, 18, 18, 14, 7, 17, 9, 6, 2, 9, 15, 9, 17, 12, 6]",0.7378989393063097,0.5543226599693298,0.6644589304924011,87
EP400_206,PKIARPFIEALKSIEYLEEDAQKSAQEGVLGPHTDALSSDSENMPCDEEPSQLEELADFMEQLTPIEKYALNYLELFHTS,EP300,GDSRRLSIQRCIQSLVHACQCRNANCSLPSCQKMKRVVQHTKGCKRKTNGGCPICKQLIALCCYHAKHCQENKCPVPFCLNI,TAZ2,13741.7,C_B,64.0,0.266,0.484,0.188,108.0,0.097,16.0,3.0,-23.8,1944.54,0.36376789,0.31651366,0.18266837,0.12885926,13.9914122,2884,1,50,32,1.56,"[13, 9, 8, 1, 15, 13, 5, 8, 4, 1, 10, 9, 16, 8, 4, 20, 10, 4, 4, 3, 1, 14, 9, 16, 1, 14, 4, 6, 18, 10, 6, 13, 7, 17, 3, 1, 10, 16, 16, 3, 16, 4, 12, 11, 13, 2, 3, 4, 4, 13]","[6, 3, 16, 15, 15, 10, 16, 8, 14, 15, 2, 8, 14, 16, 10, 18, 7, 1, 2, 14, 2, 15, 12, 1, 12, 2, 16, 10, 13, 16, 2, 14, 9, 11, 9, 15, 18, 18, 14, 7, 17, 9, 6, 2, 9, 15, 9, 17, 12, 6]",0.7325978291996789,0.4683212637901306,0.6252583265304565,30
PADI2_34,YLNRGDRWIQDEIEFGYIEAPHKGFPVVLDSPRDGNLKDFPVKELLGPDFGYVTREPLFESVTSLDSFGNLEVSPPVTVN,EP300,GDSRRLSIQRCIQSLVHACQCRNANCSLPSCQKMKRVVQHTKGCKRKTNGGCPICKQLIALCCYHAKHCQENKCPVPFCLNI,TAZ2,46358.97,C_B,36.0,0.139,0.417,0.333,65.0,0.141,8.0,9.0,-11.47,1235.29,0.28499383,0.22426198,0.09836097,0.15238292,14.0186472,5277,1,50,32,1.56,"[20, 10, 12, 15, 6, 3, 15, 19, 8, 14, 3, 4, 8, 4, 5, 6, 20, 8, 4, 1, 13, 7, 9, 6, 5, 13, 18, 18, 10, 3, 16, 13, 15, 3, 6, 12, 10, 9, 3, 5, 13, 18, 9, 4, 10, 10, 6, 13, 3, 5]","[6, 3, 16, 15, 15, 10, 16, 8, 14, 15, 2, 8, 14, 16, 10, 18, 7, 1, 2, 14, 2, 15, 12, 1, 12, 2, 16, 10, 13, 16, 2, 14, 9, 11, 9, 15, 18, 18, 14, 7, 17, 9, 6, 2, 9, 15, 9, 17, 12, 6]",0.0,0.6435260772705078,0.5028974413871765,103
THRB_1,HPAAGSNCYMQSTDYYAYFEDSPGYSGCDAQAVPSNNIYMEQAWAVNQPYTCSYPGNMFKSKDSDLDMALNQYSQPEYFT,EP300,GDSRRLSIQRCIQSLVHACQCRNANCSLPSCQKMKRVVQHTKGCKRKTNGGCPICKQLIALCCYHAKHCQENKCPVPFCLNI,TAZ2,21611.85,C_B,37.0,0.243,0.459,0.189,30.0,0.217,12.0,0.0,-26.76,1765.54,0.29815971,0.23992985,0.07053902,0.16652573,10.1681004,7154,1,50,32,1.56,"[7, 13, 1, 1, 6, 16, 12, 2, 20, 11, 14, 16, 17, 3, 20, 20, 1, 20, 5, 4, 3, 16, 13, 6, 20, 16, 6, 2, 3, 1, 14, 1, 18, 13, 16, 12, 12, 8, 20, 11, 4, 14, 1, 19, 1, 18, 12, 14, 13, 20]","[6, 3, 16, 15, 15, 10, 16, 8, 14, 15, 2, 8, 14, 16, 10, 18, 7, 1, 2, 14, 2, 15, 12, 1, 12, 2, 16, 10, 13, 16, 2, 14, 9, 11, 9, 15, 18, 18, 14, 7, 17, 9, 6, 2, 9, 15, 9, 17, 12, 6]",0.5558308954410948,0.0,0.40683093667030334,136
BRWD3_104,NEAKERNWQIGDRFRSIIDDAWWFGTVESQQPFQPEYPDSSFQCYSVHWDNNEREKMSPWDMEPIPEGTAFPDEVGAGVP,EP300,GDSRRLSIQRCIQSLVHACQCRNANCSLPSCQKMKRVVQHTKGCKRKTNGGCPICKQLIALCCYHAKHCQENKCPVPFCLNI,TAZ2,17141.53,C_B,12.0,0.167,0.417,0.417,11.0,0.165,6.0,7.0,0.61,883.51,0.26135842,0.20085435,0.0821047,0.16140347,12.6826134,178,1,50,32,1.56,"[12, 4, 1, 9, 4, 15, 12, 19, 14, 8, 6, 3, 15, 5, 15, 16, 8, 8, 3, 3, 1, 19, 19, 5, 6, 17, 18, 4, 16, 14, 14, 13, 5, 14, 13, 4, 20, 13, 3, 16, 16, 5, 14, 2, 20, 16, 18, 7, 19, 3]","[6, 3, 16, 15, 15, 10, 16, 8, 14, 15, 2, 8, 14, 16, 10, 18, 7, 1, 2, 14, 2, 15, 12, 1, 12, 2, 16, 10, 13, 16, 2, 14, 9, 11, 9, 15, 18, 18, 14, 7, 17, 9, 6, 2, 9, 15, 9, 17, 12, 6]",0.65623619385595,0.7770122289657593,0.5822616219520569,12
ARGFX_23,ELYNLPDENEISSSSFHCLYQYLSPTKYQVGGQGSSLSIFAGPAVGLSPAQTWPNMTSQAFEAYSLTDSLEFQKTSNMVD,EP300,GDSRRLSIQRCIQSLVHACQCRNANCSLPSCQKMKRVVQHTKGCKRKTNGGCPICKQLIALCCYHAKHCQENKCPVPFCLNI,TAZ2,28685.82,C_B,30.0,0.333,0.533,0.133,26.0,0.289,5.0,1.0,-19.97,1227.99,0.45744257,0.43621138,0.13657603,0.1184945,15.3764944,3007,1,50,32,1.56,"[4, 10, 20, 12, 10, 13, 3, 4, 12, 4, 8, 16, 16, 16, 16, 5, 7, 2, 10, 20, 14, 20, 10, 16, 13, 17, 9, 20, 14, 18, 6, 6, 14, 6, 16, 16, 10, 16, 8, 5, 1, 6, 13, 1, 18, 6, 10, 16, 13, 1]","[6, 3, 16, 15, 15, 10, 16, 8, 14, 15, 2, 8, 14, 16, 10, 18, 7, 1, 2, 14, 2, 15, 12, 1, 12, 2, 16, 10, 13, 16, 2, 14, 9, 11, 9, 15, 18, 18, 14, 7, 17, 9, 6, 2, 9, 15, 9, 17, 12, 6]",0.39694650487672034,0.5502580404281616,0.5559231042861938,3
MLXIP_28,SDTLFSTLSSHQPVAWPNPREIAHLGNADMIQPGLIPLQPNLDFMDTFEPFQDLFSSSRSIFGSMLPASASAPVPDPNNP,EP300,GDSRRLSIQRCIQSLVHACQCRNANCSLPSCQKMKRVVQHTKGCKRKTNGGCPICKQLIALCCYHAKHCQENKCPVPFCLNI,TAZ2,22230.69,C_B,26.0,0.192,0.538,0.154,21.0,0.234,1.0,1.0,-17.27,827.97,0.28428077,0.22160906,0.13710999,0.12680505,17.4821167,2118,1,50,32,1.56,"[16, 3, 17, 10, 5, 16, 17, 10, 16, 16, 7, 14, 13, 18, 1, 19, 13, 12, 13, 15, 4, 8, 1, 7, 10, 6, 12, 1, 3, 11, 8, 14, 13, 6, 10, 8, 13, 10, 14, 13, 12, 10, 3, 5, 11, 3, 17, 5, 4, 13]","[6, 3, 16, 15, 15, 10, 16, 8, 14, 15, 2, 8, 14, 16, 10, 18, 7, 1, 2, 14, 2, 15, 12, 1, 12, 2, 16, 10, 13, 16, 2, 14, 9, 11, 9, 15, 18, 18, 14, 7, 17, 9, 6, 2, 9, 15, 9, 17, 12, 6]",0.5419314844658069,0.7192100882530212,0.7632889151573181,78
ATF5_1,DRALLPASGLGWLVDYGKLPPAPAPLAPYEVLGGALEGGLPVGGEPLAGDGFSDWMTERVDFTALLPLEPPLPPGTLPQP,EP300,GDSRRLSIQRCIQSLVHACQCRNANCSLPSCQKMKRVVQHTKGCKRKTNGGCPICKQLIALCCYHAKHCQENKCPVPFCLNI,TAZ2,14245.81,C_B,20.0,0.15,0.65,0.2,20.0,0.249,6.0,2.0,-11.96,673.76,0.40000183,0.37813836,0.09403795,0.11204566,19.157444,1468,1,50,32,1.56,"[3, 15, 1, 10, 10, 13, 1, 16, 6, 10, 6, 19, 10, 18, 3, 20, 6, 9, 10, 13, 13, 1, 13, 1, 13, 10, 1, 13, 20, 4, 18, 10, 6, 6, 1, 10, 4, 6, 6, 10, 13, 18, 6, 6, 4, 13, 10, 1, 6, 3]","[6, 3, 16, 15, 15, 10, 16, 8, 14, 15, 2, 8, 14, 16, 10, 18, 7, 1, 2, 14, 2, 15, 12, 1, 12, 2, 16, 10, 13, 16, 2, 14, 9, 11, 9, 15, 18, 18, 14, 7, 17, 9, 6, 2, 9, 15, 9, 17, 12, 6]",0.721275303075394,0.8657497763633728,0.5150194764137268,5
SREBF1_2,DAALLTDIEDMLQLINNQDSDFPGLFDPPYAGSGAGGTDPASPDTSSPGSLSPPPATLSSSLEAFLSGPQAAPSPLSPPQ,EP300,GDSRRLSIQRCIQSLVHACQCRNANCSLPSCQKMKRVVQHTKGCKRKTNGGCPICKQLIALCCYHAKHCQENKCPVPFCLNI,TAZ2,46358.97,C_B,21.0,0.238,0.667,0.095,18.0,0.471,4.0,6.0,-16.6,925.83,0.59901639,0.6086332,0.21345094,0.12046715,15.1737995,3668,1,50,32,1.56,"[3, 1, 1, 10, 10, 17, 3, 8, 4, 3, 11, 10, 14, 10, 8, 12, 12, 14, 3, 16, 3, 5, 13, 6, 10, 5, 3, 13, 13, 20, 1, 6, 16, 6, 1, 6, 6, 17, 3, 13, 1, 16, 13, 3, 17, 16, 16, 13, 6, 16]","[6, 3, 16, 15, 15, 10, 16, 8, 14, 15, 2, 8, 14, 16, 10, 18, 7, 1, 2, 14, 2, 15, 12, 1, 12, 2, 16, 10, 13, 16, 2, 14, 9, 11, 9, 15, 18, 18, 14, 7, 17, 9, 6, 2, 9, 15, 9, 17, 12, 6]",0.0,0.779835045337677,0.788373589515686,127
NFE2L2_8,EFLPIQPAQHIQSETSGSANYSQVAHIPKSDALYFDDCMQLLAQTFPFVDDNEVSSATFQSLVPDIPGHIESPVFIATNQ,EP300,GDSRRLSIQRCIQSLVHACQCRNANCSLPSCQKMKRVVQHTKGCKRKTNGGCPICKQLIALCCYHAKHCQENKCPVPFCLNI,TAZ2,15047.32,C_B,28.0,0.214,0.5,0.179,23.0,0.372,6.0,2.0,-19.95,1220.22,0.5273239,0.5221616,0.19254484,0.13326687,16.728363,2661,1,50,32,1.56,"[4, 5, 10, 13, 8, 14, 13, 1, 14, 7, 8, 14, 16, 4, 17, 16, 6, 16, 1, 12, 20, 16, 14, 18, 1, 7, 8, 13, 9, 16, 3, 1, 10, 20, 5, 3, 3, 2, 11, 14, 10, 10, 1, 14, 17, 5, 13, 5, 18, 3]","[6, 3, 16, 15, 15, 10, 16, 8, 14, 15, 2, 8, 14, 16, 10, 18, 7, 1, 2, 14, 2, 15, 12, 1, 12, 2, 16, 10, 13, 16, 2, 14, 9, 11, 9, 15, 18, 18, 14, 7, 17, 9, 6, 2, 9, 15, 9, 17, 12, 6]",0.7032730458024268,0.628728449344635,0.6036157011985779,97
TADA2A_11,EKHYMKHFINNPLFASTLLNLKQAEEAKTADTAIPFHSTDDPPRPTFDSLLSRDMAGYMPARADFIEEFDNYAEWDLRDI,EP300,GDSRRLSIQRCIQSLVHACQCRNANCSLPSCQKMKRVVQHTKGCKRKTNGGCPICKQLIALCCYHAKHCQENKCPVPFCLNI,TAZ2,21859.97,C_B,15.0,0.2,0.6,0.2,12.0,0.289,3.0,0.0,-28.36,1497.77,0.3189582,0.2634532,0.06202434,0.11033586,15.7583151,1429,1,50,32,1.56,"[4, 9, 7, 20, 11, 9, 7, 5, 8, 12, 12, 13, 10, 5, 1, 16, 17, 10, 10, 12, 10, 9, 14, 1, 4, 4, 1, 9, 17, 1, 3, 17, 1, 8, 13, 5, 7, 16, 17, 3, 3, 13, 13, 15, 13, 17, 5, 3, 16, 10]","[6, 3, 16, 15, 15, 10, 16, 8, 14, 15, 2, 8, 14, 16, 10, 18, 7, 1, 2, 14, 2, 15, 12, 1, 12, 2, 16, 10, 13, 16, 2, 14, 9, 11, 9, 15, 18, 18, 14, 7, 17, 9, 6, 2, 9, 15, 9, 17, 12, 6]",0.5502580141612996,0.32055094838142395,0.3435635268688202,129
NR4A1_10,KFEDFQVYGCYPGPLSGPVDEALSSSGSDYYGSPCSAPSPSTPSFQPPQLSPWDGSFGHFSPSQTYEGLRAWTEQLPKAS,EP300,GDSRRLSIQRCIQSLVHACQCRNANCSLPSCQKMKRVVQHTKGCKRKTNGGCPICKQLIALCCYHAKHCQENKCPVPFCLNI,TAZ2,17307.81,C_B,30.0,0.333,0.533,0.067,33.0,0.285,2.0,0.0,-15.86,1114.35,0.2972197,0.23752911,0.10715021,0.12706709,16.7499504,2067,1,50,32,1.56,"[9, 5, 4, 3, 5, 14, 18, 20, 6, 2, 20, 13, 6, 13, 10, 16, 6, 13, 18, 3, 4, 1, 10, 16, 16, 16, 6, 16, 3, 20, 20, 6, 16, 13, 2, 16, 1, 13, 16, 13, 16, 17, 13, 16, 5, 14, 13, 13, 14, 10]","[6, 3, 16, 15, 15, 10, 16, 8, 14, 15, 2, 8, 14, 16, 10, 18, 7, 1, 2, 14, 2, 15, 12, 1, 12, 2, 16, 10, 13, 16, 2, 14, 9, 11, 9, 15, 18, 18, 14, 7, 17, 9, 6, 2, 9, 15, 9, 17, 12, 6]",0.6525014739655569,0.3353773057460785,0.4385997951030731,102
NEK9_44,VTDEGQLYAFGSDYYGCMGVDKVAGPEVLEPMQLNFFLSNPVEQVSCGDNHVVVLTRNKEVYSWGCGEYGRLGLDSEEDY,EP300,GDSRRLSIQRCIQSLVHACQCRNANCSLPSCQKMKRVVQHTKGCKRKTNGGCPICKQLIALCCYHAKHCQENKCPVPFCLNI,TAZ2,21301.5,C_B,22.0,0.318,0.364,0.182,19.0,0.153,8.0,0.0,-5.15,798.59,0.26990074,0.20944624,0.09857213,0.11152209,17.2656231,2117,1,50,32,1.56,"[18, 17, 3, 4, 6, 14, 10, 20, 1, 5, 6, 16, 3, 20, 20, 6, 2, 11, 6, 18, 3, 9, 18, 1, 6, 13, 4, 18, 10, 4, 13, 11, 14, 10, 12, 5, 5, 10, 16, 12, 13, 18, 4, 14, 18, 16, 2, 6, 3, 12]","[6, 3, 16, 15, 15, 10, 16, 8, 14, 15, 2, 8, 14, 16, 10, 18, 7, 1, 2, 14, 2, 15, 12, 1, 12, 2, 16, 10, 13, 16, 2, 14, 9, 11, 9, 15, 18, 18, 14, 7, 17, 9, 6, 2, 9, 15, 9, 17, 12, 6]",0.5628014891263455,0.6645798087120056,0.5134350657463074,93
GRHL2_1,VALVPMPSDPPFNTRRAYTSEDEAWKSYLENPLTAATKAMMSINGDEDSAAALGLLYDYYKVPRDKRLLSVSKASDSQED,EP300,GDSRRLSIQRCIQSLVHACQCRNANCSLPSCQKMKRVVQHTKGCKRKTNGGCPICKQLIALCCYHAKHCQENKCPVPFCLNI,TAZ2,46358.97,C_B,27.0,0.259,0.333,0.185,27.0,0.212,7.0,3.0,-8.62,1103.19,0.32715965,0.27754673,0.10984705,0.13486938,14.9277048,2060,1,50,32,1.56,"[18, 1, 10, 18, 13, 11, 13, 16, 3, 13, 13, 5, 12, 17, 15, 15, 1, 20, 17, 16, 4, 3, 4, 1, 19, 9, 16, 20, 10, 4, 12, 13, 10, 17, 1, 1, 17, 9, 1, 11, 11, 16, 8, 12, 6, 3, 4, 3, 16, 1]","[6, 3, 16, 15, 15, 10, 16, 8, 14, 15, 2, 8, 14, 16, 10, 18, 7, 1, 2, 14, 2, 15, 12, 1, 12, 2, 16, 10, 13, 16, 2, 14, 9, 11, 9, 15, 18, 18, 14, 7, 17, 9, 6, 2, 9, 15, 9, 17, 12, 6]",0.0,0.6851146817207336,0.6646246314048767,51
GRHL3_2,KFSYTSEDEAWKTYLENPLTAATKAMMRVNGDDDSVAALSFLYDYYMGPKEKRILSSSTGGRNDQGKRYYHGMEYETDLT,EP300,GDSRRLSIQRCIQSLVHACQCRNANCSLPSCQKMKRVVQHTKGCKRKTNGGCPICKQLIALCCYHAKHCQENKCPVPFCLNI,TAZ2,27346.95,C_B,44.0,0.25,0.477,0.25,84.0,0.142,12.0,5.0,-13.07,1315.72,0.49240939,0.47141606,0.18953121,0.14574924,14.5933104,4575,2,50,32,1.56,"[9, 5, 16, 20, 17, 16, 4, 3, 4, 1, 19, 9, 17, 20, 10, 4, 12, 13, 10, 17, 1, 1, 17, 9, 1, 11, 11, 15, 18, 12, 6, 3, 3, 3, 16, 18, 1, 1, 10, 16, 5, 10, 20, 3, 20, 20, 11, 6, 13, 9]","[6, 3, 16, 15, 15, 10, 16, 8, 14, 15, 2, 8, 14, 16, 10, 18, 7, 1, 2, 14, 2, 15, 12, 1, 12, 2, 16, 10, 13, 16, 2, 14, 9, 11, 9, 15, 18, 18, 14, 7, 17, 9, 6, 2, 9, 15, 9, 17, 12, 6]",0.4270180974894857,0.396946519613266,0.40715718269348145,52
MYT1L_31,EKMVEESDEEVCLSSLECLRNQCFDLARKLSETNPQERNPQQNMNIRQHVRPEEDFPGRTPDRNYSDMLNLMRLEEQLSP,EP300,GDSRRLSIQRCIQSLVHACQCRNANCSLPSCQKMKRVVQHTKGCKRKTNGGCPICKQLIALCCYHAKHCQENKCPVPFCLNI,TAZ2,41118.97,C_B,48.0,0.229,0.417,0.271,47.0,0.392,5.0,2.0,-26.19,1425.52,0.50438042,0.48939887,0.18159127,0.15882872,16.1847248,2993,1,50,32,1.56,"[4, 9, 11, 18, 4, 4, 16, 3, 4, 4, 18, 2, 10, 16, 16, 10, 4, 2, 10, 15, 12, 14, 2, 5, 3, 10, 1, 15, 9, 10, 16, 4, 17, 12, 13, 14, 4, 15, 12, 13, 14, 14, 12, 11, 12, 8, 15, 14, 7, 18]","[6, 3, 16, 15, 15, 10, 16, 8, 14, 15, 2, 8, 14, 16, 10, 18, 7, 1, 2, 14, 2, 15, 12, 1, 12, 2, 16, 10, 13, 16, 2, 14, 9, 11, 9, 15, 18, 18, 14, 7, 17, 9, 6, 2, 9, 15, 9, 17, 12, 6]",0.11769264027940773,0.5498422980308533,0.5197509527206421,90
NFE2L1_30,TGTESPFDLEQQWQDLMSIMEMQAMEVNTSASEILYSAPPGDPLSTNYSLAPNTPINQNVSLHQASLGGCSQDFLLFSPE,EP300,GDSRRLSIQRCIQSLVHACQCRNANCSLPSCQKMKRVVQHTKGCKRKTNGGCPICKQLIALCCYHAKHCQENKCPVPFCLNI,TAZ2,27225.07,C_B,18.0,0.167,0.556,0.222,15.0,0.539,1.0,1.0,-13.99,872.14,0.69274085,0.7230167,0.234985,0.15584173,13.8954735,4686,2,50,32,1.56,"[17, 6, 17, 4, 16, 13, 5, 3, 10, 4, 14, 14, 19, 14, 3, 10, 11, 16, 8, 11, 4, 11, 14, 1, 11, 4, 18, 12, 17, 16, 1, 16, 4, 8, 10, 20, 16, 1, 13, 13, 6, 3, 13, 10, 16, 17, 12, 20, 16, 10]","[6, 3, 16, 15, 15, 10, 16, 8, 14, 15, 2, 8, 14, 16, 10, 18, 7, 1, 2, 14, 2, 15, 12, 1, 12, 2, 16, 10, 13, 16, 2, 14, 9, 11, 9, 15, 18, 18, 14, 7, 17, 9, 6, 2, 9, 15, 9, 17, 12, 6]",0.4297555743973587,0.5558308959007263,0.6646585464477539,95
FOXR1_4,PDKDGPDYEPNLWMWVNPNIVYPPGKLEVSGRRKREDLTSTLPSSQPPQKEEDASCSEAAGVESLSQSSSKRSPPRKRFA,EP300,GDSRRLSIQRCIQSLVHACQCRNANCSLPSCQKMKRVVQHTKGCKRKTNGGCPICKQLIALCCYHAKHCQENKCPVPFCLNI,TAZ2,42631.22,C_B,16.0,0.25,0.438,0.188,16.0,0.254,2.0,0.0,-12.51,709.61,0.26045535,0.2012445,0.09066086,0.11963382,18.979393,1391,1,50,32,1.56,"[13, 3, 9, 3, 6, 13, 3, 20, 4, 13, 12, 10, 19, 11, 19, 18, 12, 13, 12, 8, 18, 20, 13, 13, 6, 9, 10, 4, 18, 16, 6, 15, 15, 9, 15, 4, 3, 10, 17, 16, 17, 10, 13, 16, 16, 14, 13, 13, 14, 9]","[6, 3, 16, 15, 15, 10, 16, 8, 14, 15, 2, 8, 14, 16, 10, 18, 7, 1, 2, 14, 2, 15, 12, 1, 12, 2, 16, 10, 13, 16, 2, 14, 9, 11, 9, 15, 18, 18, 14, 7, 17, 9, 6, 2, 9, 15, 9, 17, 12, 6]",0.08372685874075614,0.6525014638900757,0.6194458603858948,46
NEUROG3_14,LTQTLRIADHSLYALEPPAPHCGELGSPGGSPGDWGSLYSPVSQAGSLSPAASLEERPGLLGATFSACLSPGSLAFSDFL,EP300,GDSRRLSIQRCIQSLVHACQCRNANCSLPSCQKMKRVVQHTKGCKRKTNGGCPICKQLIALCCYHAKHCQENKCPVPFCLNI,TAZ2,12452.39,C_B,22.0,0.273,0.545,0.182,18.0,0.234,6.0,1.0,-17.38,1006.11,0.321288,0.27363628,0.09884277,0.12381588,18.2322578,2184,1,50,32,1.56,"[10, 17, 14, 17, 10, 15, 8, 1, 3, 7, 16, 10, 20, 1, 10, 4, 13, 13, 1, 13, 7, 2, 6, 4, 10, 6, 16, 13, 6, 6, 16, 13, 6, 3, 19, 6, 16, 10, 20, 16, 13, 18, 16, 14, 1, 6, 16, 10, 16, 13]","[6, 3, 16, 15, 15, 10, 16, 8, 14, 15, 2, 8, 14, 16, 10, 18, 7, 1, 2, 14, 2, 15, 12, 1, 12, 2, 16, 10, 13, 16, 2, 14, 9, 11, 9, 15, 18, 18, 14, 7, 17, 9, 6, 2, 9, 15, 9, 17, 12, 6]",0.7615562830238474,0.5596058368682861,0.581367552280426,94
MYBL1_21,CAAMDHMQTQNQFYIPVQIPGYQYVSPEGNCIEHVQPTSAFIQQPFIDEDPDKEKKIKELEMLLMSAENEVRRKRIPSQP,EP300,GDSRRLSIQRCIQSLVHACQCRNANCSLPSCQKMKRVVQHTKGCKRKTNGGCPICKQLIALCCYHAKHCQENKCPVPFCLNI,TAZ2,32087.16,C_B,29.0,0.138,0.586,0.241,22.0,0.331,7.0,5.0,-16.1,1325.42,0.41415628,0.38673282,0.13611944,0.12541131,15.1686258,3733,2,50,32,1.56,"[2, 1, 1, 11, 3, 7, 11, 14, 17, 14, 12, 14, 5, 20, 8, 13, 18, 14, 8, 13, 6, 20, 14, 20, 18, 16, 13, 4, 6, 12, 2, 8, 4, 7, 18, 14, 13, 17, 16, 1, 5, 8, 14, 14, 13, 5, 8, 3, 4, 3]","[6, 3, 16, 15, 15, 10, 16, 8, 14, 15, 2, 8, 14, 16, 10, 18, 7, 1, 2, 14, 2, 15, 12, 1, 12, 2, 16, 10, 13, 16, 2, 14, 9, 11, 9, 15, 18, 18, 14, 7, 17, 9, 6, 2, 9, 15, 9, 17, 12, 6]",0.32055095428741487,0.0,0.22346866130828857,84
KLF7_1,ELQLVHDTGYFSALPSLEETWQQTCLELERYLQTEPRRISETFGEDLDCFLHASPPPCIEESFRRLDPLLLPVEAAICEK,EP300,GDSRRLSIQRCIQSLVHACQCRNANCSLPSCQKMKRVVQHTKGCKRKTNGGCPICKQLIALCCYHAKHCQENKCPVPFCLNI,TAZ2,4318.08,C_B,48.0,0.292,0.375,0.229,82.0,0.246,10.0,3.0,-21.59,1375.05,0.5684704,0.5628946,0.18583157,0.13807448,12.8679686,4710,2,50,32,1.56,"[4, 10, 14, 10, 18, 7, 3, 17, 6, 20, 5, 16, 1, 10, 13, 16, 10, 4, 4, 17, 19, 14, 14, 17, 2, 10, 4, 10, 4, 15, 20, 10, 14, 17, 4, 13, 15, 15, 8, 16, 4, 17, 5, 6, 4, 3, 10, 3, 2, 5]","[6, 3, 16, 15, 15, 10, 16, 8, 14, 15, 2, 8, 14, 16, 10, 18, 7, 1, 2, 14, 2, 15, 12, 1, 12, 2, 16, 10, 13, 16, 2, 14, 9, 11, 9, 15, 18, 18, 14, 7, 17, 9, 6, 2, 9, 15, 9, 17, 12, 6]",0.9442563633198758,0.0,0.19205576181411743,69
SPI1_0,LQACKMEGFPLVPPPSEDLVPYDTDLYQRQTHEYYPYLSSDGESHSDHYWDFHPHHVHSEFESFAENNFTELQSVQPPQL,EP300,GDSRRLSIQRCIQSLVHACQCRNANCSLPSCQKMKRVVQHTKGCKRKTNGGCPICKQLIALCCYHAKHCQENKCPVPFCLNI,TAZ2,9944.22,C_B,33.0,0.303,0.394,0.212,23.0,0.296,5.0,4.0,-22.49,1641.06,0.30640767,0.25170538,0.08852676,0.14368695,17.26474,3610,1,50,32,1.56,"[10, 14, 1, 2, 9, 11, 4, 6, 5, 13, 10, 18, 13, 13, 13, 16, 4, 3, 10, 18, 13, 20, 3, 17, 3, 10, 20, 14, 15, 14, 17, 7, 4, 20, 20, 13, 20, 10, 16, 16, 3, 6, 4, 16, 7, 16, 3, 7, 20, 19]","[6, 3, 16, 15, 15, 10, 16, 8, 14, 15, 2, 8, 14, 16, 10, 18, 7, 1, 2, 14, 2, 15, 12, 1, 12, 2, 16, 10, 13, 16, 2, 14, 9, 11, 9, 15, 18, 18, 14, 7, 17, 9, 6, 2, 9, 15, 9, 17, 12, 6]",0.8178908535523974,1.0,0.8923901319503784,126
SETD1B_1,HQQPPPQPGPSGERRNHHWRSYKLMIDPALKKGHHKLYRYDGQHFSLAMSSNRPVEIVEDPRVVGIWTKNKELELSVPKF,EP300,GDSRRLSIQRCIQSLVHACQCRNANCSLPSCQKMKRVVQHTKGCKRKTNGGCPICKQLIALCCYHAKHCQENKCPVPFCLNI,TAZ2,33572.24,C_B,21.0,0.19,0.571,0.238,19.0,0.259,3.0,2.0,-12.69,1021.95,0.29170431,0.23561485,0.0948158,0.11995457,14.2232056,863,1,50,32,1.56,"[7, 14, 14, 13, 13, 13, 14, 13, 6, 13, 16, 6, 4, 15, 15, 12, 7, 7, 19, 15, 16, 20, 9, 10, 11, 8, 3, 13, 1, 10, 9, 9, 6, 7, 7, 9, 10, 20, 15, 20, 3, 6, 14, 7, 5, 16, 10, 1, 11, 16]","[6, 3, 16, 15, 15, 10, 16, 8, 14, 15, 2, 8, 14, 16, 10, 18, 7, 1, 2, 14, 2, 15, 12, 1, 12, 2, 16, 10, 13, 16, 2, 14, 9, 11, 9, 15, 18, 18, 14, 7, 17, 9, 6, 2, 9, 15, 9, 17, 12, 6]",0.28719542256486863,0.7286521792411804,0.8732795119285583,118
HBP1_6,LQAVQSDPTQSGMYQLSSDVSHQEYPRSSWNQNTSDIPETTYRENEVDWLTELANIATSPQSPLMQCSFYNRSSPVHIIA,EP300,GDSRRLSIQRCIQSLVHACQCRNANCSLPSCQKMKRVVQHTKGCKRKTNGGCPICKQLIALCCYHAKHCQENKCPVPFCLNI,TAZ2,8180.02,C_B,21.0,0.19,0.571,0.19,20.0,0.235,0.0,1.0,-15.14,845.11,0.36410682,0.32696187,0.08364502,0.12271374,17.9667664,1553,1,50,32,1.56,"[10, 14, 1, 18, 14, 16, 3, 13, 17, 14, 16, 6, 11, 20, 14, 10, 16, 16, 3, 18, 16, 7, 14, 4, 20, 13, 15, 16, 16, 19, 12, 14, 12, 17, 16, 3, 8, 13, 4, 17, 17, 20, 15, 4, 12, 4, 18, 3, 19, 10]","[6, 3, 16, 15, 15, 10, 16, 8, 14, 15, 2, 8, 14, 16, 10, 18, 7, 1, 2, 14, 2, 15, 12, 1, 12, 2, 16, 10, 13, 16, 2, 14, 9, 11, 9, 15, 18, 18, 14, 7, 17, 9, 6, 2, 9, 15, 9, 17, 12, 6]",0.8575155398083003,0.8575155138969421,0.3290930390357971,53
HSF5_29,YSNYTPSAQYSQAYYPTAVLQCCSPTHMDALSSCVTPTASSYAHCNYFQNPSMQSSYPVEFLPSNWPCSTTDENTKTEVN,EP300,GDSRRLSIQRCIQSLVHACQCRNANCSLPSCQKMKRVVQHTKGCKRKTNGGCPICKQLIALCCYHAKHCQENKCPVPFCLNI,TAZ2,22427.96,C_B,28.0,0.357,0.5,0.107,22.0,0.431,10.0,0.0,-17.57,1065.3,0.28031216,0.22154231,0.0721441,0.11459873,17.1955299,1512,1,50,32,1.56,"[20, 16, 12, 20, 17, 13, 16, 1, 14, 20, 16, 14, 1, 20, 20, 13, 17, 1, 18, 10, 14, 2, 2, 16, 13, 17, 7, 11, 3, 1, 10, 16, 16, 2, 18, 17, 13, 17, 1, 16, 16, 20, 1, 7, 2, 12, 20, 5, 14, 12]","[6, 3, 16, 15, 15, 10, 16, 8, 14, 15, 2, 8, 14, 16, 10, 18, 7, 1, 2, 14, 2, 15, 12, 1, 12, 2, 16, 10, 13, 16, 2, 14, 9, 11, 9, 15, 18, 18, 14, 7, 17, 9, 6, 2, 9, 15, 9, 17, 12, 6]",0.5375007159261277,0.8938443660736084,0.5601202845573425,60
NFE2L2_21,MVPSPEAKLTEVDNYHFYSSIPSMEKEVGNCSPHFLNAFEDSFSSILSTEDPNQLTVNSLNSDATVNTDFGDEFYSAFIA,EP300,GDSRRLSIQRCIQSLVHACQCRNANCSLPSCQKMKRVVQHTKGCKRKTNGGCPICKQLIALCCYHAKHCQENKCPVPFCLNI,TAZ2,10068.66,C_B,45.0,0.289,0.444,0.111,42.0,0.262,3.0,2.0,-29.0,1568.15,0.64934568,0.6592599,0.15589628,0.13078984,16.4813824,3280,1,50,32,1.56,"[11, 18, 13, 16, 13, 4, 1, 9, 10, 17, 4, 18, 3, 12, 20, 7, 5, 20, 16, 16, 8, 13, 16, 11, 4, 9, 4, 18, 6, 12, 2, 16, 13, 7, 5, 10, 12, 1, 5, 4, 3, 16, 5, 16, 16, 8, 10, 16, 17, 4]","[6, 3, 16, 15, 15, 10, 16, 8, 14, 15, 2, 8, 14, 16, 10, 18, 7, 1, 2, 14, 2, 15, 12, 1, 12, 2, 16, 10, 13, 16, 2, 14, 9, 11, 9, 15, 18, 18, 14, 7, 17, 9, 6, 2, 9, 15, 9, 17, 12, 6]",0.8150958779500368,0.6461225152015686,0.7462207674980164,96
FOXO4_41,VGLCPKPLEAPGPSSLVPTLSMIAPPPVMASAPIPKALGTPVLTPPTEAASQDRMPQDLDLDMYMENLECDMDNIISDLM,EP300,GDSRRLSIQRCIQSLVHACQCRNANCSLPSCQKMKRVVQHTKGCKRKTNGGCPICKQLIALCCYHAKHCQENKCPVPFCLNI,TAZ2,4400.75,C_B,20.0,0.15,0.55,0.25,16.0,0.405,5.0,1.0,-18.3,973.33,0.44068109,0.41582072,0.19303487,0.12763161,17.4806805,3447,1,50,32,1.56,"[18, 6, 10, 2, 13, 9, 13, 10, 4, 1, 13, 6, 13, 16, 16, 10, 18, 13, 17, 10, 16, 11, 8, 1, 13, 13, 13, 18, 11, 1, 16, 1, 13, 8, 13, 9, 1, 10, 6, 17, 13, 18, 10, 17, 13, 13, 17, 4, 1, 1]","[6, 3, 16, 15, 15, 10, 16, 8, 14, 15, 2, 8, 14, 16, 10, 18, 7, 1, 2, 14, 2, 15, 12, 1, 12, 2, 16, 10, 13, 16, 2, 14, 9, 11, 9, 15, 18, 18, 14, 7, 17, 9, 6, 2, 9, 15, 9, 17, 12, 6]",0.9423995597756203,0.4667416214942932,0.4784541428089142,45
UBN1_24,GALSVKEMLKKFQKEKEAQKKREEEHKPVAVPSAEAQGLRELEGASDPLLSLFGSTSDNDLLQAATAMDSLTDLDLEHLL,EP300,GDSRRLSIQRCIQSLVHACQCRNANCSLPSCQKMKRVVQHTKGCKRKTNGGCPICKQLIALCCYHAKHCQENKCPVPFCLNI,TAZ2,12665.5,C_B,56.0,0.196,0.518,0.232,88.0,0.288,15.0,4.0,-30.21,1981.9,0.67101587,0.6913524,0.35313377,0.12383901,15.7211828,2653,1,50,32,1.56,"[6, 1, 10, 16, 18, 9, 4, 11, 10, 9, 9, 5, 14, 9, 4, 9, 4, 1, 14, 9, 9, 15, 4, 4, 4, 7, 9, 13, 18, 1, 18, 13, 16, 1, 4, 1, 14, 6, 10, 15, 4, 10, 4, 6, 1, 16, 3, 13, 10, 10]","[6, 3, 16, 15, 15, 10, 16, 8, 14, 15, 2, 8, 14, 16, 10, 18, 7, 1, 2, 14, 2, 15, 12, 1, 12, 2, 16, 10, 13, 16, 2, 14, 9, 11, 9, 15, 18, 18, 14, 7, 17, 9, 6, 2, 9, 15, 9, 17, 12, 6]",0.7567697413120259,0.0,0.3716578781604767,141
ATMIN_63,PGIDFDIEEFFSASNIQTQTEESELSTMTTEPVLESLDIETQTDFLLADTSAQSYGCRGNSNFLGLEMFDTQTQTDLNFF,EP300,GDSRRLSIQRCIQSLVHACQCRNANCSLPSCQKMKRVVQHTKGCKRKTNGGCPICKQLIALCCYHAKHCQENKCPVPFCLNI,TAZ2,16770.05,C_B,31.0,0.194,0.548,0.194,23.0,0.373,4.0,2.0,-23.66,1297.56,0.31836861,0.26598668,0.07071912,0.11363235,15.1957521,1368,1,50,32,1.56,"[13, 6, 8, 3, 5, 3, 8, 4, 4, 5, 5, 16, 1, 16, 12, 8, 14, 17, 14, 17, 4, 4, 16, 4, 10, 16, 17, 11, 17, 17, 4, 13, 18, 10, 4, 16, 10, 3, 8, 4, 17, 14, 17, 3, 5, 10, 10, 1, 3, 17]","[6, 3, 16, 15, 15, 10, 16, 8, 14, 15, 2, 8, 14, 16, 10, 18, 7, 1, 2, 14, 2, 15, 12, 1, 12, 2, 16, 10, 13, 16, 2, 14, 9, 11, 9, 15, 18, 18, 14, 7, 17, 9, 6, 2, 9, 15, 9, 17, 12, 6]",0.6645797934763689,0.5608339309692383,0.6548609137535095,8
